
 /----------------------------------------------------------------------------\
 |  yosys -- Yosys Open SYnthesis Suite                                       |
 |  Copyright (C) 2012 - 2025  Claire Xenia Wolf <claire@yosyshq.com>         |
 |  Distributed under an ISC-like license, type "license" to see terms        |
 \----------------------------------------------------------------------------/
 Yosys 0.58 (git sha1 157aabb58, g++ 14.2.1 -fPIC -O3)

-- Parsing `top.v' using frontend ` -vlog2k' --

1. Executing Verilog-2005 frontend: top.v
Parsing Verilog input from `top.v' to AST representation.
verilog frontend filename top.v
top.v:26: Warning: Yosys has only limited support for tri-state logic at the moment.
Storing AST representation for module `$abstract\top'.
Successfully finished Verilog frontend.

-- Parsing `core.v' using frontend ` -vlog2k' --

2. Executing Verilog-2005 frontend: core.v
Parsing Verilog input from `core.v' to AST representation.
verilog frontend filename core.v
Storing AST representation for module `$abstract\core'.
Successfully finished Verilog frontend.

-- Parsing `ft2232_sync_fifo.v' using frontend ` -vlog2k' --

3. Executing Verilog-2005 frontend: ft2232_sync_fifo.v
Parsing Verilog input from `ft2232_sync_fifo.v' to AST representation.
verilog frontend filename ft2232_sync_fifo.v
ft2232_sync_fifo.v:28: Warning: Yosys has only limited support for tri-state logic at the moment.
Storing AST representation for module `$abstract\ft2232_sync_fifo'.
Successfully finished Verilog frontend.

-- Parsing `parser.v' using frontend ` -vlog2k' --

4. Executing Verilog-2005 frontend: parser.v
Parsing Verilog input from `parser.v' to AST representation.
verilog frontend filename parser.v
Storing AST representation for module `$abstract\command_parser'.
Successfully finished Verilog frontend.

-- Parsing `mock_tlv2553.v' using frontend ` -vlog2k' --

5. Executing Verilog-2005 frontend: mock_tlv2553.v
Parsing Verilog input from `mock_tlv2553.v' to AST representation.
verilog frontend filename mock_tlv2553.v
Storing AST representation for module `$abstract\mock_tlv2553'.
Successfully finished Verilog frontend.

-- Parsing `capture.v' using frontend ` -vlog2k' --

6. Executing Verilog-2005 frontend: capture.v
Parsing Verilog input from `capture.v' to AST representation.
verilog frontend filename capture.v
Storing AST representation for module `$abstract\capture'.
Successfully finished Verilog frontend.

-- Parsing `encoder.v' using frontend ` -vlog2k' --

7. Executing Verilog-2005 frontend: encoder.v
Parsing Verilog input from `encoder.v' to AST representation.
verilog frontend filename encoder.v
Storing AST representation for module `$abstract\encoder'.
Successfully finished Verilog frontend.

-- Parsing `fifo.v' using frontend ` -vlog2k' --

8. Executing Verilog-2005 frontend: fifo.v
Parsing Verilog input from `fifo.v' to AST representation.
verilog frontend filename fifo.v
Storing AST representation for module `$abstract\fifo'.
Successfully finished Verilog frontend.

-- Running command `synth_lattice -family xo3d -json design.json' --

9. Executing SYNTH_LATTICE pass.

9.1. Executing Verilog-2005 frontend: /usr/local/bin/../share/yosys/lattice/cells_sim_xo3d.v
Parsing Verilog input from `/usr/local/bin/../share/yosys/lattice/cells_sim_xo3d.v' to AST representation.
verilog frontend filename /usr/local/bin/../share/yosys/lattice/cells_sim_xo3d.v
Generating RTLIL representation for module `\LUT4'.
Generating RTLIL representation for module `\$__ABC9_LUT5'.
Generating RTLIL representation for module `\$__ABC9_LUT6'.
Generating RTLIL representation for module `\$__ABC9_LUT7'.
Generating RTLIL representation for module `\L6MUX21'.
Generating RTLIL representation for module `\TRELLIS_RAM16X2'.
Generating RTLIL representation for module `\PFUMX'.
Generating RTLIL representation for module `\TRELLIS_DPR16X4'.
Generating RTLIL representation for module `\DPR16X4C'.
Generating RTLIL representation for module `\LUT2'.
Generating RTLIL representation for module `\TRELLIS_FF'.
Generating RTLIL representation for module `\TRELLIS_IO'.
Generating RTLIL representation for module `\INV'.
Generating RTLIL representation for module `\TRELLIS_COMB'.
Generating RTLIL representation for module `\VLO'.
Generating RTLIL representation for module `\VHI'.
Generating RTLIL representation for module `\FD1P3AX'.
Generating RTLIL representation for module `\FD1P3AY'.
Generating RTLIL representation for module `\FD1P3BX'.
Generating RTLIL representation for module `\FD1P3DX'.
Generating RTLIL representation for module `\FD1P3IX'.
Generating RTLIL representation for module `\FD1P3JX'.
Generating RTLIL representation for module `\FD1S3AX'.
Generating RTLIL representation for module `\FD1S3AY'.
Generating RTLIL representation for module `\FD1S3BX'.
Generating RTLIL representation for module `\FD1S3DX'.
Generating RTLIL representation for module `\FD1S3IX'.
Generating RTLIL representation for module `\FD1S3JX'.
Generating RTLIL representation for module `\IFS1P3BX'.
Generating RTLIL representation for module `\IFS1P3DX'.
Generating RTLIL representation for module `\IFS1P3IX'.
Generating RTLIL representation for module `\IFS1P3JX'.
Generating RTLIL representation for module `\OFS1P3BX'.
Generating RTLIL representation for module `\OFS1P3DX'.
Generating RTLIL representation for module `\OFS1P3IX'.
Generating RTLIL representation for module `\OFS1P3JX'.
Generating RTLIL representation for module `\IB'.
Generating RTLIL representation for module `\IBPU'.
Generating RTLIL representation for module `\IBPD'.
Generating RTLIL representation for module `\OB'.
Generating RTLIL representation for module `\OBZ'.
Generating RTLIL representation for module `\OBZPU'.
Generating RTLIL representation for module `\OBZPD'.
Generating RTLIL representation for module `\OBCO'.
Generating RTLIL representation for module `\BB'.
Generating RTLIL representation for module `\BBPU'.
Generating RTLIL representation for module `\BBPD'.
Generating RTLIL representation for module `\ILVDS'.
Generating RTLIL representation for module `\OLVDS'.
Generating RTLIL representation for module `\CCU2D'.
Replacing existing blackbox module `\FD1P3AX' at /usr/local/bin/../share/yosys/lattice/cells_ff.vh:2.1-2.261.
Generating RTLIL representation for module `\FD1P3AX'.
Replacing existing blackbox module `\FD1P3AY' at /usr/local/bin/../share/yosys/lattice/cells_ff.vh:3.1-3.261.
Generating RTLIL representation for module `\FD1P3AY'.
Replacing existing blackbox module `\FD1P3BX' at /usr/local/bin/../share/yosys/lattice/cells_ff.vh:4.1-4.261.
Generating RTLIL representation for module `\FD1P3BX'.
Replacing existing blackbox module `\FD1P3DX' at /usr/local/bin/../share/yosys/lattice/cells_ff.vh:5.1-5.261.
Generating RTLIL representation for module `\FD1P3DX'.
Replacing existing blackbox module `\FD1P3IX' at /usr/local/bin/../share/yosys/lattice/cells_ff.vh:6.1-6.261.
Generating RTLIL representation for module `\FD1P3IX'.
Replacing existing blackbox module `\FD1P3JX' at /usr/local/bin/../share/yosys/lattice/cells_ff.vh:7.1-7.261.
Generating RTLIL representation for module `\FD1P3JX'.
Replacing existing blackbox module `\FD1S3AX' at /usr/local/bin/../share/yosys/lattice/cells_ff.vh:8.1-8.261.
Generating RTLIL representation for module `\FD1S3AX'.
Replacing existing blackbox module `\FD1S3AY' at /usr/local/bin/../share/yosys/lattice/cells_ff.vh:9.1-9.261.
Generating RTLIL representation for module `\FD1S3AY'.
Replacing existing blackbox module `\FD1S3BX' at /usr/local/bin/../share/yosys/lattice/cells_ff.vh:10.1-10.261.
Generating RTLIL representation for module `\FD1S3BX'.
Replacing existing blackbox module `\FD1S3DX' at /usr/local/bin/../share/yosys/lattice/cells_ff.vh:11.1-11.261.
Generating RTLIL representation for module `\FD1S3DX'.
Replacing existing blackbox module `\FD1S3IX' at /usr/local/bin/../share/yosys/lattice/cells_ff.vh:12.1-12.261.
Generating RTLIL representation for module `\FD1S3IX'.
Replacing existing blackbox module `\FD1S3JX' at /usr/local/bin/../share/yosys/lattice/cells_ff.vh:13.1-13.261.
Generating RTLIL representation for module `\FD1S3JX'.
Replacing existing blackbox module `\IFS1P3BX' at /usr/local/bin/../share/yosys/lattice/cells_ff.vh:26.1-26.301.
Generating RTLIL representation for module `\IFS1P3BX'.
Replacing existing blackbox module `\IFS1P3DX' at /usr/local/bin/../share/yosys/lattice/cells_ff.vh:27.1-27.301.
Generating RTLIL representation for module `\IFS1P3DX'.
Replacing existing blackbox module `\IFS1P3IX' at /usr/local/bin/../share/yosys/lattice/cells_ff.vh:28.1-28.301.
Generating RTLIL representation for module `\IFS1P3IX'.
Replacing existing blackbox module `\IFS1P3JX' at /usr/local/bin/../share/yosys/lattice/cells_ff.vh:29.1-29.301.
Generating RTLIL representation for module `\IFS1P3JX'.
Replacing existing blackbox module `\OFS1P3BX' at /usr/local/bin/../share/yosys/lattice/cells_ff.vh:31.1-31.302.
Generating RTLIL representation for module `\OFS1P3BX'.
Replacing existing blackbox module `\OFS1P3DX' at /usr/local/bin/../share/yosys/lattice/cells_ff.vh:32.1-32.302.
Generating RTLIL representation for module `\OFS1P3DX'.
Replacing existing blackbox module `\OFS1P3IX' at /usr/local/bin/../share/yosys/lattice/cells_ff.vh:33.1-33.302.
Generating RTLIL representation for module `\OFS1P3IX'.
Replacing existing blackbox module `\OFS1P3JX' at /usr/local/bin/../share/yosys/lattice/cells_ff.vh:34.1-34.302.
Generating RTLIL representation for module `\OFS1P3JX'.
Replacing existing blackbox module `\IB' at /usr/local/bin/../share/yosys/lattice/cells_io.vh:2.1-2.157.
Generating RTLIL representation for module `\IB'.
Replacing existing blackbox module `\IBPU' at /usr/local/bin/../share/yosys/lattice/cells_io.vh:3.1-3.157.
Generating RTLIL representation for module `\IBPU'.
Replacing existing blackbox module `\IBPD' at /usr/local/bin/../share/yosys/lattice/cells_io.vh:4.1-4.157.
Generating RTLIL representation for module `\IBPD'.
Replacing existing blackbox module `\OB' at /usr/local/bin/../share/yosys/lattice/cells_io.vh:5.1-5.157.
Generating RTLIL representation for module `\OB'.
Replacing existing blackbox module `\OBZ' at /usr/local/bin/../share/yosys/lattice/cells_io.vh:6.1-6.164.
Generating RTLIL representation for module `\OBZ'.
Replacing existing blackbox module `\OBZPU' at /usr/local/bin/../share/yosys/lattice/cells_io.vh:7.1-7.164.
Generating RTLIL representation for module `\OBZPU'.
Replacing existing blackbox module `\OBZPD' at /usr/local/bin/../share/yosys/lattice/cells_io.vh:8.1-8.164.
Generating RTLIL representation for module `\OBZPD'.
Replacing existing blackbox module `\OBCO' at /usr/local/bin/../share/yosys/lattice/cells_io.vh:9.1-9.90.
Generating RTLIL representation for module `\OBCO'.
Replacing existing blackbox module `\BB' at /usr/local/bin/../share/yosys/lattice/cells_io.vh:10.1-10.179.
Generating RTLIL representation for module `\BB'.
Replacing existing blackbox module `\BBPU' at /usr/local/bin/../share/yosys/lattice/cells_io.vh:11.1-11.179.
Generating RTLIL representation for module `\BBPU'.
Replacing existing blackbox module `\BBPD' at /usr/local/bin/../share/yosys/lattice/cells_io.vh:12.1-12.179.
Generating RTLIL representation for module `\BBPD'.
Replacing existing blackbox module `\ILVDS' at /usr/local/bin/../share/yosys/lattice/cells_io.vh:13.1-13.139.
Generating RTLIL representation for module `\ILVDS'.
Replacing existing blackbox module `\OLVDS' at /usr/local/bin/../share/yosys/lattice/cells_io.vh:14.1-14.146.
Generating RTLIL representation for module `\OLVDS'.
Successfully finished Verilog frontend.

9.2. Executing Verilog-2005 frontend: /usr/local/bin/../share/yosys/lattice/cells_bb_xo3d.v
Parsing Verilog input from `/usr/local/bin/../share/yosys/lattice/cells_bb_xo3d.v' to AST representation.
verilog frontend filename /usr/local/bin/../share/yosys/lattice/cells_bb_xo3d.v
Generating RTLIL representation for module `\GSR'.
Generating RTLIL representation for module `\SGSR'.
Generating RTLIL representation for module `\DP8KC'.
Generating RTLIL representation for module `\PDPW8KC'.
Generating RTLIL representation for module `\SP8KC'.
Generating RTLIL representation for module `\FIFO8KB'.
Generating RTLIL representation for module `\CLKDIVC'.
Generating RTLIL representation for module `\DCMA'.
Generating RTLIL representation for module `\ECLKSYNCA'.
Generating RTLIL representation for module `\ECLKBRIDGECS'.
Generating RTLIL representation for module `\DCCA'.
Generating RTLIL representation for module `\START'.
Generating RTLIL representation for module `\EHXPLLJ'.
Generating RTLIL representation for module `\OSCJ'.
Generating RTLIL representation for module `\TSALL'.
Successfully finished Verilog frontend.

9.3. Executing HIERARCHY pass (managing design hierarchy).

9.3.1. Executing AST frontend in derive mode using pre-parsed AST for module `\fifo'.
Generating RTLIL representation for module `\fifo'.

9.3.2. Executing AST frontend in derive mode using pre-parsed AST for module `\encoder'.
Generating RTLIL representation for module `\encoder'.

9.3.3. Executing AST frontend in derive mode using pre-parsed AST for module `\capture'.
Generating RTLIL representation for module `\capture'.
Warning: Replacing memory \input_stages with list of registers. See capture.v:17

9.3.4. Executing AST frontend in derive mode using pre-parsed AST for module `\mock_tlv2553'.
Generating RTLIL representation for module `\mock_tlv2553'.

9.3.5. Executing AST frontend in derive mode using pre-parsed AST for module `\command_parser'.
Generating RTLIL representation for module `\command_parser'.

9.3.6. Executing AST frontend in derive mode using pre-parsed AST for module `\ft2232_sync_fifo'.
Generating RTLIL representation for module `\ft2232_sync_fifo'.

9.3.7. Executing AST frontend in derive mode using pre-parsed AST for module `\core'.
Generating RTLIL representation for module `\core'.

9.3.8. Executing AST frontend in derive mode using pre-parsed AST for module `\top'.
Generating RTLIL representation for module `\top'.

9.3.9. Finding top of design hierarchy..
root of   2 design levels: top                 
root of   1 design levels: core                
root of   0 design levels: ft2232_sync_fifo    
root of   0 design levels: command_parser      
root of   0 design levels: mock_tlv2553        
root of   0 design levels: capture             
root of   0 design levels: encoder             
root of   0 design levels: fifo                
Automatically selected top as design top module.

9.3.10. Analyzing design hierarchy..
Top module:  \top
Used module:     \core
Used module:         \ft2232_sync_fifo
Used module:         \encoder
Used module:         \fifo
Used module:         \capture
Used module:         \mock_tlv2553
Used module:         \command_parser
Parameter \DEPTH = 1024
Parameter \WIDTH = 40

9.3.11. Executing AST frontend in derive mode using pre-parsed AST for module `\fifo'.
Parameter \DEPTH = 1024
Parameter \WIDTH = 40
Generating RTLIL representation for module `$paramod$c37469087e3d8c017435465c5e5e781a8f5d9f16\fifo'.

9.3.12. Analyzing design hierarchy..
Top module:  \top
Used module:     \core
Used module:         \ft2232_sync_fifo
Used module:         \encoder
Used module:         $paramod$c37469087e3d8c017435465c5e5e781a8f5d9f16\fifo
Used module:         \capture
Used module:         \fifo
Used module:         \mock_tlv2553
Used module:         \command_parser

9.3.13. Analyzing design hierarchy..
Top module:  \top
Used module:     \core
Used module:         \ft2232_sync_fifo
Used module:         \encoder
Used module:         $paramod$c37469087e3d8c017435465c5e5e781a8f5d9f16\fifo
Used module:         \capture
Used module:         \fifo
Used module:         \mock_tlv2553
Used module:         \command_parser
Removed 0 unused modules.

9.4. Executing PROC pass (convert processes to netlists).

9.4.1. Executing PROC_CLEAN pass (remove empty switches from decision trees).
Found and cleaned up 1 empty switch in `\mock_tlv2553.$proc$mock_tlv2553.v:41$255'.
Cleaned up 1 empty switch.

9.4.2. Executing PROC_RMDEAD pass (remove dead branches from decision trees).
Marked 2 switch rules as full_case in process $proc$fifo.v:27$341 in module $paramod$c37469087e3d8c017435465c5e5e781a8f5d9f16\fifo.
Marked 1 switch rules as full_case in process $proc$core.v:72$324 in module core.
Marked 4 switch rules as full_case in process $proc$ft2232_sync_fifo.v:39$300 in module ft2232_sync_fifo.
Marked 2 switch rules as full_case in process $proc$parser.v:63$282 in module command_parser.
Marked 2 switch rules as full_case in process $proc$parser.v:47$278 in module command_parser.
Marked 1 switch rules as full_case in process $proc$mock_tlv2553.v:41$255 in module mock_tlv2553.
Marked 2 switch rules as full_case in process $proc$mock_tlv2553.v:23$242 in module mock_tlv2553.
Marked 2 switch rules as full_case in process $proc$capture.v:15$235 in module capture.
Marked 3 switch rules as full_case in process $proc$encoder.v:25$228 in module encoder.
Marked 2 switch rules as full_case in process $proc$fifo.v:27$207 in module fifo.
Removed a total of 0 dead cases.

9.4.3. Executing PROC_PRUNE pass (remove redundant assignments in processes).
Removed 11 redundant assignments.
Promoted 22 assignments to connections.

9.4.4. Executing PROC_INIT pass (extract init attributes).
Found init rule in `\core.$proc$core.v:22$336'.
  Set init value: \por = 4'1010
Found init rule in `\core.$proc$core.v:21$335'.
  Set init value: \rst = 1'1
Found init rule in `\ft2232_sync_fifo.$proc$ft2232_sync_fifo.v:21$316'.
  Set init value: \burst_counter = 16'0000000000000000
Found init rule in `\ft2232_sync_fifo.$proc$ft2232_sync_fifo.v:20$315'.
  Set init value: \stall = 1'0
Found init rule in `\ft2232_sync_fifo.$proc$ft2232_sync_fifo.v:19$314'.
  Set init value: \transmitting = 1'1

9.4.5. Executing PROC_ARST pass (detect async resets in processes).

9.4.6. Executing PROC_ROM pass (convert switches to ROMs).
Converted 0 switches.
<suppressed ~30 debug messages>

9.4.7. Executing PROC_MUX pass (convert decision trees to multiplexers).
Creating decoders for process `$paramod$c37469087e3d8c017435465c5e5e781a8f5d9f16\fifo.$proc$fifo.v:27$341'.
     1/9: $2$memwr$\memory$fifo.v:34$337_EN[39:0]$352
     2/9: $2$memwr$\memory$fifo.v:34$337_DATA[39:0]$351
     3/9: $2$memwr$\memory$fifo.v:34$337_ADDR[9:0]$350
     4/9: $1$memwr$\memory$fifo.v:34$337_EN[39:0]$347
     5/9: $1$memwr$\memory$fifo.v:34$337_DATA[39:0]$346
     6/9: $1$memwr$\memory$fifo.v:34$337_ADDR[9:0]$345
     7/9: $0\write_idx[9:0]
     8/9: $0\read_idx[9:0]
     9/9: $0\read_data[39:0]
Creating decoders for process `\core.$proc$core.v:22$336'.
Creating decoders for process `\core.$proc$core.v:21$335'.
Creating decoders for process `\core.$proc$core.v:123$326'.
Creating decoders for process `\core.$proc$core.v:72$324'.
     1/1: $0\out[7:0]
Creating decoders for process `\core.$proc$core.v:65$322'.
Creating decoders for process `\core.$proc$core.v:24$317'.
Creating decoders for process `\ft2232_sync_fifo.$proc$ft2232_sync_fifo.v:21$316'.
Creating decoders for process `\ft2232_sync_fifo.$proc$ft2232_sync_fifo.v:20$315'.
Creating decoders for process `\ft2232_sync_fifo.$proc$ft2232_sync_fifo.v:19$314'.
Creating decoders for process `\ft2232_sync_fifo.$proc$ft2232_sync_fifo.v:39$300'.
     1/3: $0\burst_counter[15:0]
     2/3: $0\stall[0:0]
     3/3: $0\transmitting[0:0]
Creating decoders for process `\command_parser.$proc$parser.v:63$282'.
     1/2: $0\delay_counter[26:0]
     2/2: $0\decode_buffer[31:0]
Creating decoders for process `\command_parser.$proc$parser.v:47$278'.
     1/2: $2\delay_value[26:0]
     2/2: $1\delay_value[26:0]
Creating decoders for process `\mock_tlv2553.$proc$mock_tlv2553.v:41$255'.
     1/4: $0\last_sclk[2:0]
     2/4: $0\last_cs[2:0]
     3/4: $0\last_mosi[2:0]
     4/4: $0\shiftreg[15:0]
Creating decoders for process `\mock_tlv2553.$proc$mock_tlv2553.v:23$242'.
     1/6: $1$memwr$\bank2$mock_tlv2553.v:27$241_EN[11:0]$254
     2/6: $1$memwr$\bank2$mock_tlv2553.v:27$241_DATA[11:0]$253
     3/6: $1$memwr$\bank2$mock_tlv2553.v:27$241_ADDR[2:0]$252
     4/6: $1$memwr$\bank1$mock_tlv2553.v:25$240_EN[11:0]$251
     5/6: $1$memwr$\bank1$mock_tlv2553.v:25$240_DATA[11:0]$250
     6/6: $1$memwr$\bank1$mock_tlv2553.v:25$240_ADDR[2:0]$249
Creating decoders for process `\capture.$proc$capture.v:15$235'.
     1/8: $0\counter[15:0]
     2/8: $0\delay[15:0]
     3/8: $0\data[23:0]
     4/8: $0\data_wr[0:0]
     5/8: $0\input_stages[0][23:0]
     6/8: $0\input_stages[1][23:0]
     7/8: $0\input_stages[2][23:0]
     8/8: $0\input_stages[3][23:0]
Creating decoders for process `\encoder.$proc$encoder.v:25$228'.
     1/5: $0\overflowed[0:0]
     2/5: $0\payload[63:0]
     3/5: $0\current_byte[4:0]
     4/5: $0\total_bytes[4:0]
     5/5: $0\uart_tx_data[7:0]
Creating decoders for process `\fifo.$proc$fifo.v:27$207'.
     1/9: $2$memwr$\memory$fifo.v:34$203_EN[7:0]$218
     2/9: $2$memwr$\memory$fifo.v:34$203_DATA[7:0]$217
     3/9: $2$memwr$\memory$fifo.v:34$203_ADDR[11:0]$216
     4/9: $1$memwr$\memory$fifo.v:34$203_EN[7:0]$213
     5/9: $1$memwr$\memory$fifo.v:34$203_DATA[7:0]$212
     6/9: $1$memwr$\memory$fifo.v:34$203_ADDR[11:0]$211
     7/9: $0\write_idx[11:0]
     8/9: $0\read_idx[11:0]
     9/9: $0\read_data[7:0]

9.4.8. Executing PROC_DLATCH pass (convert process syncs to latches).
No latch inferred for signal `\command_parser.\delay_value' from process `\command_parser.$proc$parser.v:47$278'.

9.4.9. Executing PROC_DFF pass (convert process syncs to FFs).
Creating register for signal `$paramod$c37469087e3d8c017435465c5e5e781a8f5d9f16\fifo.$memwr$\memory$fifo.v:34$337_ADDR' using process `$paramod$c37469087e3d8c017435465c5e5e781a8f5d9f16\fifo.$proc$fifo.v:27$341'.
  created $dff cell `$procdff$634' with positive edge clock.
Creating register for signal `$paramod$c37469087e3d8c017435465c5e5e781a8f5d9f16\fifo.$memwr$\memory$fifo.v:34$337_DATA' using process `$paramod$c37469087e3d8c017435465c5e5e781a8f5d9f16\fifo.$proc$fifo.v:27$341'.
  created $dff cell `$procdff$635' with positive edge clock.
Creating register for signal `$paramod$c37469087e3d8c017435465c5e5e781a8f5d9f16\fifo.$memwr$\memory$fifo.v:34$337_EN' using process `$paramod$c37469087e3d8c017435465c5e5e781a8f5d9f16\fifo.$proc$fifo.v:27$341'.
  created $dff cell `$procdff$636' with positive edge clock.
Creating register for signal `$paramod$c37469087e3d8c017435465c5e5e781a8f5d9f16\fifo.\read_data' using process `$paramod$c37469087e3d8c017435465c5e5e781a8f5d9f16\fifo.$proc$fifo.v:27$341'.
  created $dff cell `$procdff$637' with positive edge clock.
Creating register for signal `$paramod$c37469087e3d8c017435465c5e5e781a8f5d9f16\fifo.\read_idx' using process `$paramod$c37469087e3d8c017435465c5e5e781a8f5d9f16\fifo.$proc$fifo.v:27$341'.
  created $dff cell `$procdff$638' with positive edge clock.
Creating register for signal `$paramod$c37469087e3d8c017435465c5e5e781a8f5d9f16\fifo.\write_idx' using process `$paramod$c37469087e3d8c017435465c5e5e781a8f5d9f16\fifo.$proc$fifo.v:27$341'.
  created $dff cell `$procdff$639' with positive edge clock.
Creating register for signal `\core.\rd_delay' using process `\core.$proc$core.v:123$326'.
  created $dff cell `$procdff$640' with positive edge clock.
Creating register for signal `\core.\out' using process `\core.$proc$core.v:72$324'.
  created $dff cell `$procdff$641' with positive edge clock.
Creating register for signal `\core.\parser_wr' using process `\core.$proc$core.v:65$322'.
  created $dff cell `$procdff$642' with positive edge clock.
Creating register for signal `\core.\rst' using process `\core.$proc$core.v:24$317'.
  created $dff cell `$procdff$643' with positive edge clock.
Creating register for signal `\core.\por' using process `\core.$proc$core.v:24$317'.
  created $dff cell `$procdff$644' with positive edge clock.
Creating register for signal `\ft2232_sync_fifo.\transmitting' using process `\ft2232_sync_fifo.$proc$ft2232_sync_fifo.v:39$300'.
  created $dff cell `$procdff$645' with positive edge clock.
Creating register for signal `\ft2232_sync_fifo.\stall' using process `\ft2232_sync_fifo.$proc$ft2232_sync_fifo.v:39$300'.
  created $dff cell `$procdff$646' with positive edge clock.
Creating register for signal `\ft2232_sync_fifo.\burst_counter' using process `\ft2232_sync_fifo.$proc$ft2232_sync_fifo.v:39$300'.
  created $dff cell `$procdff$647' with positive edge clock.
Creating register for signal `\command_parser.\decode_buffer' using process `\command_parser.$proc$parser.v:63$282'.
  created $dff cell `$procdff$648' with positive edge clock.
Creating register for signal `\command_parser.\delay_counter' using process `\command_parser.$proc$parser.v:63$282'.
  created $dff cell `$procdff$649' with positive edge clock.
Creating register for signal `\mock_tlv2553.\shiftreg' using process `\mock_tlv2553.$proc$mock_tlv2553.v:41$255'.
  created $dff cell `$procdff$650' with positive edge clock.
Creating register for signal `\mock_tlv2553.\last_cs' using process `\mock_tlv2553.$proc$mock_tlv2553.v:41$255'.
  created $dff cell `$procdff$651' with positive edge clock.
Creating register for signal `\mock_tlv2553.\last_sclk' using process `\mock_tlv2553.$proc$mock_tlv2553.v:41$255'.
  created $dff cell `$procdff$652' with positive edge clock.
Creating register for signal `\mock_tlv2553.\last_mosi' using process `\mock_tlv2553.$proc$mock_tlv2553.v:41$255'.
  created $dff cell `$procdff$653' with positive edge clock.
Creating register for signal `\mock_tlv2553.$memwr$\bank1$mock_tlv2553.v:25$240_ADDR' using process `\mock_tlv2553.$proc$mock_tlv2553.v:23$242'.
  created $dff cell `$procdff$654' with positive edge clock.
Creating register for signal `\mock_tlv2553.$memwr$\bank1$mock_tlv2553.v:25$240_DATA' using process `\mock_tlv2553.$proc$mock_tlv2553.v:23$242'.
  created $dff cell `$procdff$655' with positive edge clock.
Creating register for signal `\mock_tlv2553.$memwr$\bank1$mock_tlv2553.v:25$240_EN' using process `\mock_tlv2553.$proc$mock_tlv2553.v:23$242'.
  created $dff cell `$procdff$656' with positive edge clock.
Creating register for signal `\mock_tlv2553.$memwr$\bank2$mock_tlv2553.v:27$241_ADDR' using process `\mock_tlv2553.$proc$mock_tlv2553.v:23$242'.
  created $dff cell `$procdff$657' with positive edge clock.
Creating register for signal `\mock_tlv2553.$memwr$\bank2$mock_tlv2553.v:27$241_DATA' using process `\mock_tlv2553.$proc$mock_tlv2553.v:23$242'.
  created $dff cell `$procdff$658' with positive edge clock.
Creating register for signal `\mock_tlv2553.$memwr$\bank2$mock_tlv2553.v:27$241_EN' using process `\mock_tlv2553.$proc$mock_tlv2553.v:23$242'.
  created $dff cell `$procdff$659' with positive edge clock.
Creating register for signal `\capture.\data_wr' using process `\capture.$proc$capture.v:15$235'.
  created $dff cell `$procdff$660' with positive edge clock.
Creating register for signal `\capture.\data' using process `\capture.$proc$capture.v:15$235'.
  created $dff cell `$procdff$661' with positive edge clock.
Creating register for signal `\capture.\delay' using process `\capture.$proc$capture.v:15$235'.
  created $dff cell `$procdff$662' with positive edge clock.
Creating register for signal `\capture.\counter' using process `\capture.$proc$capture.v:15$235'.
  created $dff cell `$procdff$663' with positive edge clock.
Creating register for signal `\capture.\input_stages[0]' using process `\capture.$proc$capture.v:15$235'.
  created $dff cell `$procdff$664' with positive edge clock.
Creating register for signal `\capture.\input_stages[1]' using process `\capture.$proc$capture.v:15$235'.
  created $dff cell `$procdff$665' with positive edge clock.
Creating register for signal `\capture.\input_stages[2]' using process `\capture.$proc$capture.v:15$235'.
  created $dff cell `$procdff$666' with positive edge clock.
Creating register for signal `\capture.\input_stages[3]' using process `\capture.$proc$capture.v:15$235'.
  created $dff cell `$procdff$667' with positive edge clock.
Creating register for signal `\encoder.\uart_tx_data' using process `\encoder.$proc$encoder.v:25$228'.
  created $dff cell `$procdff$668' with positive edge clock.
Creating register for signal `\encoder.\total_bytes' using process `\encoder.$proc$encoder.v:25$228'.
  created $dff cell `$procdff$669' with positive edge clock.
Creating register for signal `\encoder.\current_byte' using process `\encoder.$proc$encoder.v:25$228'.
  created $dff cell `$procdff$670' with positive edge clock.
Creating register for signal `\encoder.\payload' using process `\encoder.$proc$encoder.v:25$228'.
  created $dff cell `$procdff$671' with positive edge clock.
Creating register for signal `\encoder.\overflowed' using process `\encoder.$proc$encoder.v:25$228'.
  created $dff cell `$procdff$672' with positive edge clock.
Creating register for signal `\fifo.\read_data' using process `\fifo.$proc$fifo.v:27$207'.
  created $dff cell `$procdff$673' with positive edge clock.
Creating register for signal `\fifo.\read_idx' using process `\fifo.$proc$fifo.v:27$207'.
  created $dff cell `$procdff$674' with positive edge clock.
Creating register for signal `\fifo.\write_idx' using process `\fifo.$proc$fifo.v:27$207'.
  created $dff cell `$procdff$675' with positive edge clock.
Creating register for signal `\fifo.$memwr$\memory$fifo.v:34$203_ADDR' using process `\fifo.$proc$fifo.v:27$207'.
  created $dff cell `$procdff$676' with positive edge clock.
Creating register for signal `\fifo.$memwr$\memory$fifo.v:34$203_DATA' using process `\fifo.$proc$fifo.v:27$207'.
  created $dff cell `$procdff$677' with positive edge clock.
Creating register for signal `\fifo.$memwr$\memory$fifo.v:34$203_EN' using process `\fifo.$proc$fifo.v:27$207'.
  created $dff cell `$procdff$678' with positive edge clock.

9.4.10. Executing PROC_MEMWR pass (convert process memory writes to cells).

9.4.11. Executing PROC_CLEAN pass (remove empty switches from decision trees).
Found and cleaned up 3 empty switches in `$paramod$c37469087e3d8c017435465c5e5e781a8f5d9f16\fifo.$proc$fifo.v:27$341'.
Removing empty process `$paramod$c37469087e3d8c017435465c5e5e781a8f5d9f16\fifo.$proc$fifo.v:27$341'.
Removing empty process `core.$proc$core.v:22$336'.
Removing empty process `core.$proc$core.v:21$335'.
Removing empty process `core.$proc$core.v:123$326'.
Found and cleaned up 2 empty switches in `\core.$proc$core.v:72$324'.
Removing empty process `core.$proc$core.v:72$324'.
Removing empty process `core.$proc$core.v:65$322'.
Removing empty process `core.$proc$core.v:24$317'.
Removing empty process `ft2232_sync_fifo.$proc$ft2232_sync_fifo.v:21$316'.
Removing empty process `ft2232_sync_fifo.$proc$ft2232_sync_fifo.v:20$315'.
Removing empty process `ft2232_sync_fifo.$proc$ft2232_sync_fifo.v:19$314'.
Found and cleaned up 5 empty switches in `\ft2232_sync_fifo.$proc$ft2232_sync_fifo.v:39$300'.
Removing empty process `ft2232_sync_fifo.$proc$ft2232_sync_fifo.v:39$300'.
Found and cleaned up 3 empty switches in `\command_parser.$proc$parser.v:63$282'.
Removing empty process `command_parser.$proc$parser.v:63$282'.
Found and cleaned up 2 empty switches in `\command_parser.$proc$parser.v:47$278'.
Removing empty process `command_parser.$proc$parser.v:47$278'.
Found and cleaned up 3 empty switches in `\mock_tlv2553.$proc$mock_tlv2553.v:41$255'.
Removing empty process `mock_tlv2553.$proc$mock_tlv2553.v:41$255'.
Found and cleaned up 2 empty switches in `\mock_tlv2553.$proc$mock_tlv2553.v:23$242'.
Removing empty process `mock_tlv2553.$proc$mock_tlv2553.v:23$242'.
Found and cleaned up 2 empty switches in `\capture.$proc$capture.v:15$235'.
Removing empty process `capture.$proc$capture.v:15$235'.
Found and cleaned up 5 empty switches in `\encoder.$proc$encoder.v:25$228'.
Removing empty process `encoder.$proc$encoder.v:25$228'.
Found and cleaned up 3 empty switches in `\fifo.$proc$fifo.v:27$207'.
Removing empty process `fifo.$proc$fifo.v:27$207'.
Cleaned up 30 empty switches.

9.4.12. Executing OPT_EXPR pass (perform const folding).
Optimizing module $paramod$c37469087e3d8c017435465c5e5e781a8f5d9f16\fifo.
Optimizing module top.
Optimizing module core.
<suppressed ~1 debug messages>
Optimizing module ft2232_sync_fifo.
Optimizing module command_parser.
<suppressed ~2 debug messages>
Optimizing module mock_tlv2553.
Optimizing module capture.
Optimizing module encoder.
Optimizing module fifo.

9.5. Executing FLATTEN pass (flatten design).
Deleting now unused module $paramod$c37469087e3d8c017435465c5e5e781a8f5d9f16\fifo.
Deleting now unused module core.
Deleting now unused module ft2232_sync_fifo.
Deleting now unused module command_parser.
Deleting now unused module mock_tlv2553.
Deleting now unused module capture.
Deleting now unused module encoder.
Deleting now unused module fifo.
<suppressed ~8 debug messages>

9.6. Executing TRIBUF pass.

9.7. Executing DEMINOUT pass (demote inout ports to input or output).

9.8. Executing OPT_EXPR pass (perform const folding).
Optimizing module top.

9.9. Executing OPT_CLEAN pass (remove unused cells and wires).
Finding unused cells or wires in module \top..
Removed 13 unused cells and 210 unused wires.
<suppressed ~18 debug messages>

9.10. Executing CHECK pass (checking for obvious problems).
Checking module top...
Found and reported 0 problems.

9.11. Executing OPT pass (performing simple optimizations).

9.11.1. Executing OPT_EXPR pass (perform const folding).
Optimizing module top.

9.11.2. Executing OPT_MERGE pass (detect identical cells).
Finding identical cells in module `\top'.
<suppressed ~54 debug messages>
Removed a total of 18 cells.

9.11.3. Executing OPT_MUXTREE pass (detect dead branches in mux trees).
Running muxtree optimizer on module \top..
  Creating internal representation of mux trees.
  Evaluating internal representation of mux trees.
      Replacing known input bits on port A of cell $flatten\core.\usb.$procmux$427: \core.usb.stall -> 1'0
      Replacing known input bits on port A of cell $flatten\core.\usb.$procmux$423: \core.usb.stall -> 1'0
      Replacing known input bits on port A of cell $flatten\core.\usb.$procmux$421: \core.usb.stall -> 1'0
  Analyzing evaluation results.
    dead port 1/2 on $mux $flatten\core.\capture_fifo.$procmux$362.
    dead port 1/2 on $mux $flatten\core.\capture_fifo.$procmux$368.
    dead port 1/2 on $mux $flatten\core.\capture_fifo.$procmux$374.
    dead port 1/2 on $mux $flatten\core.\parser.$procmux$466.
    dead port 2/2 on $mux $flatten\core.\parser.$ternary$parser.v:36$277.
    dead port 1/2 on $mux $flatten\core.\uart_rx_fifo.$procmux$595.
    dead port 1/2 on $mux $flatten\core.\uart_rx_fifo.$procmux$601.
    dead port 1/2 on $mux $flatten\core.\uart_rx_fifo.$procmux$607.
Removed 8 multiplexer ports.
<suppressed ~143 debug messages>

9.11.4. Executing OPT_REDUCE pass (consolidate $*mux and $reduce_* inputs).
  Optimizing cells in module \top.
    Consolidated identical input bits for $mux cell $flatten\core.\capture_fifo.$procmux$359:
      Old ports: A=40'0000000000000000000000000000000000000000, B=40'1111111111111111111111111111111111111111, Y=$flatten\core.\capture_fifo.$procmux$359_Y
      New ports: A=1'0, B=1'1, Y=$flatten\core.\capture_fifo.$procmux$359_Y [0]
      New connections: $flatten\core.\capture_fifo.$procmux$359_Y [39:1] = { $flatten\core.\capture_fifo.$procmux$359_Y [0] $flatten\core.\capture_fifo.$procmux$359_Y [0] $flatten\core.\capture_fifo.$procmux$359_Y [0] $flatten\core.\capture_fifo.$procmux$359_Y [0] $flatten\core.\capture_fifo.$procmux$359_Y [0] $flatten\core.\capture_fifo.$procmux$359_Y [0] $flatten\core.\capture_fifo.$procmux$359_Y [0] $flatten\core.\capture_fifo.$procmux$359_Y [0] $flatten\core.\capture_fifo.$procmux$359_Y [0] $flatten\core.\capture_fifo.$procmux$359_Y [0] $flatten\core.\capture_fifo.$procmux$359_Y [0] $flatten\core.\capture_fifo.$procmux$359_Y [0] $flatten\core.\capture_fifo.$procmux$359_Y [0] $flatten\core.\capture_fifo.$procmux$359_Y [0] $flatten\core.\capture_fifo.$procmux$359_Y [0] $flatten\core.\capture_fifo.$procmux$359_Y [0] $flatten\core.\capture_fifo.$procmux$359_Y [0] $flatten\core.\capture_fifo.$procmux$359_Y [0] $flatten\core.\capture_fifo.$procmux$359_Y [0] $flatten\core.\capture_fifo.$procmux$359_Y [0] $flatten\core.\capture_fifo.$procmux$359_Y [0] $flatten\core.\capture_fifo.$procmux$359_Y [0] $flatten\core.\capture_fifo.$procmux$359_Y [0] $flatten\core.\capture_fifo.$procmux$359_Y [0] $flatten\core.\capture_fifo.$procmux$359_Y [0] $flatten\core.\capture_fifo.$procmux$359_Y [0] $flatten\core.\capture_fifo.$procmux$359_Y [0] $flatten\core.\capture_fifo.$procmux$359_Y [0] $flatten\core.\capture_fifo.$procmux$359_Y [0] $flatten\core.\capture_fifo.$procmux$359_Y [0] $flatten\core.\capture_fifo.$procmux$359_Y [0] $flatten\core.\capture_fifo.$procmux$359_Y [0] $flatten\core.\capture_fifo.$procmux$359_Y [0] $flatten\core.\capture_fifo.$procmux$359_Y [0] $flatten\core.\capture_fifo.$procmux$359_Y [0] $flatten\core.\capture_fifo.$procmux$359_Y [0] $flatten\core.\capture_fifo.$procmux$359_Y [0] $flatten\core.\capture_fifo.$procmux$359_Y [0] $flatten\core.\capture_fifo.$procmux$359_Y [0] }
    Consolidated identical input bits for $mux cell $flatten\core.\tlv2553.$procmux$488:
      Old ports: A=12'000000000000, B=12'111111111111, Y=$flatten\core.\tlv2553.$0$memwr$\bank2$mock_tlv2553.v:27$241_EN[11:0]$248
      New ports: A=1'0, B=1'1, Y=$flatten\core.\tlv2553.$0$memwr$\bank2$mock_tlv2553.v:27$241_EN[11:0]$248 [0]
      New connections: $flatten\core.\tlv2553.$0$memwr$\bank2$mock_tlv2553.v:27$241_EN[11:0]$248 [11:1] = { $flatten\core.\tlv2553.$0$memwr$\bank2$mock_tlv2553.v:27$241_EN[11:0]$248 [0] $flatten\core.\tlv2553.$0$memwr$\bank2$mock_tlv2553.v:27$241_EN[11:0]$248 [0] $flatten\core.\tlv2553.$0$memwr$\bank2$mock_tlv2553.v:27$241_EN[11:0]$248 [0] $flatten\core.\tlv2553.$0$memwr$\bank2$mock_tlv2553.v:27$241_EN[11:0]$248 [0] $flatten\core.\tlv2553.$0$memwr$\bank2$mock_tlv2553.v:27$241_EN[11:0]$248 [0] $flatten\core.\tlv2553.$0$memwr$\bank2$mock_tlv2553.v:27$241_EN[11:0]$248 [0] $flatten\core.\tlv2553.$0$memwr$\bank2$mock_tlv2553.v:27$241_EN[11:0]$248 [0] $flatten\core.\tlv2553.$0$memwr$\bank2$mock_tlv2553.v:27$241_EN[11:0]$248 [0] $flatten\core.\tlv2553.$0$memwr$\bank2$mock_tlv2553.v:27$241_EN[11:0]$248 [0] $flatten\core.\tlv2553.$0$memwr$\bank2$mock_tlv2553.v:27$241_EN[11:0]$248 [0] $flatten\core.\tlv2553.$0$memwr$\bank2$mock_tlv2553.v:27$241_EN[11:0]$248 [0] }
    Consolidated identical input bits for $mux cell $flatten\core.\tlv2553.$procmux$497:
      Old ports: A=12'000000000000, B=12'111111111111, Y=$flatten\core.\tlv2553.$0$memwr$\bank1$mock_tlv2553.v:25$240_EN[11:0]$245
      New ports: A=1'0, B=1'1, Y=$flatten\core.\tlv2553.$0$memwr$\bank1$mock_tlv2553.v:25$240_EN[11:0]$245 [0]
      New connections: $flatten\core.\tlv2553.$0$memwr$\bank1$mock_tlv2553.v:25$240_EN[11:0]$245 [11:1] = { $flatten\core.\tlv2553.$0$memwr$\bank1$mock_tlv2553.v:25$240_EN[11:0]$245 [0] $flatten\core.\tlv2553.$0$memwr$\bank1$mock_tlv2553.v:25$240_EN[11:0]$245 [0] $flatten\core.\tlv2553.$0$memwr$\bank1$mock_tlv2553.v:25$240_EN[11:0]$245 [0] $flatten\core.\tlv2553.$0$memwr$\bank1$mock_tlv2553.v:25$240_EN[11:0]$245 [0] $flatten\core.\tlv2553.$0$memwr$\bank1$mock_tlv2553.v:25$240_EN[11:0]$245 [0] $flatten\core.\tlv2553.$0$memwr$\bank1$mock_tlv2553.v:25$240_EN[11:0]$245 [0] $flatten\core.\tlv2553.$0$memwr$\bank1$mock_tlv2553.v:25$240_EN[11:0]$245 [0] $flatten\core.\tlv2553.$0$memwr$\bank1$mock_tlv2553.v:25$240_EN[11:0]$245 [0] $flatten\core.\tlv2553.$0$memwr$\bank1$mock_tlv2553.v:25$240_EN[11:0]$245 [0] $flatten\core.\tlv2553.$0$memwr$\bank1$mock_tlv2553.v:25$240_EN[11:0]$245 [0] $flatten\core.\tlv2553.$0$memwr$\bank1$mock_tlv2553.v:25$240_EN[11:0]$245 [0] }
    Consolidated identical input bits for $mux cell $flatten\core.\uart_rx_fifo.$procmux$592:
      Old ports: A=8'00000000, B=8'11111111, Y=$flatten\core.\uart_rx_fifo.$procmux$592_Y
      New ports: A=1'0, B=1'1, Y=$flatten\core.\uart_rx_fifo.$procmux$592_Y [0]
      New connections: $flatten\core.\uart_rx_fifo.$procmux$592_Y [7:1] = { $flatten\core.\uart_rx_fifo.$procmux$592_Y [0] $flatten\core.\uart_rx_fifo.$procmux$592_Y [0] $flatten\core.\uart_rx_fifo.$procmux$592_Y [0] $flatten\core.\uart_rx_fifo.$procmux$592_Y [0] $flatten\core.\uart_rx_fifo.$procmux$592_Y [0] $flatten\core.\uart_rx_fifo.$procmux$592_Y [0] $flatten\core.\uart_rx_fifo.$procmux$592_Y [0] }
  Optimizing cells in module \top.
    Consolidated identical input bits for $mux cell $flatten\core.\capture_fifo.$procmux$377:
      Old ports: A=$flatten\core.\capture_fifo.$2$memwr$\memory$fifo.v:34$337_EN[39:0]$352, B=40'0000000000000000000000000000000000000000, Y=$flatten\core.\capture_fifo.$0$memwr$\memory$fifo.v:34$337_EN[39:0]$344
      New ports: A=$flatten\core.\capture_fifo.$procmux$359_Y [0], B=1'0, Y=$flatten\core.\capture_fifo.$0$memwr$\memory$fifo.v:34$337_EN[39:0]$344 [0]
      New connections: $flatten\core.\capture_fifo.$0$memwr$\memory$fifo.v:34$337_EN[39:0]$344 [39:1] = { $flatten\core.\capture_fifo.$0$memwr$\memory$fifo.v:34$337_EN[39:0]$344 [0] $flatten\core.\capture_fifo.$0$memwr$\memory$fifo.v:34$337_EN[39:0]$344 [0] $flatten\core.\capture_fifo.$0$memwr$\memory$fifo.v:34$337_EN[39:0]$344 [0] $flatten\core.\capture_fifo.$0$memwr$\memory$fifo.v:34$337_EN[39:0]$344 [0] $flatten\core.\capture_fifo.$0$memwr$\memory$fifo.v:34$337_EN[39:0]$344 [0] $flatten\core.\capture_fifo.$0$memwr$\memory$fifo.v:34$337_EN[39:0]$344 [0] $flatten\core.\capture_fifo.$0$memwr$\memory$fifo.v:34$337_EN[39:0]$344 [0] $flatten\core.\capture_fifo.$0$memwr$\memory$fifo.v:34$337_EN[39:0]$344 [0] $flatten\core.\capture_fifo.$0$memwr$\memory$fifo.v:34$337_EN[39:0]$344 [0] $flatten\core.\capture_fifo.$0$memwr$\memory$fifo.v:34$337_EN[39:0]$344 [0] $flatten\core.\capture_fifo.$0$memwr$\memory$fifo.v:34$337_EN[39:0]$344 [0] $flatten\core.\capture_fifo.$0$memwr$\memory$fifo.v:34$337_EN[39:0]$344 [0] $flatten\core.\capture_fifo.$0$memwr$\memory$fifo.v:34$337_EN[39:0]$344 [0] $flatten\core.\capture_fifo.$0$memwr$\memory$fifo.v:34$337_EN[39:0]$344 [0] $flatten\core.\capture_fifo.$0$memwr$\memory$fifo.v:34$337_EN[39:0]$344 [0] $flatten\core.\capture_fifo.$0$memwr$\memory$fifo.v:34$337_EN[39:0]$344 [0] $flatten\core.\capture_fifo.$0$memwr$\memory$fifo.v:34$337_EN[39:0]$344 [0] $flatten\core.\capture_fifo.$0$memwr$\memory$fifo.v:34$337_EN[39:0]$344 [0] $flatten\core.\capture_fifo.$0$memwr$\memory$fifo.v:34$337_EN[39:0]$344 [0] $flatten\core.\capture_fifo.$0$memwr$\memory$fifo.v:34$337_EN[39:0]$344 [0] $flatten\core.\capture_fifo.$0$memwr$\memory$fifo.v:34$337_EN[39:0]$344 [0] $flatten\core.\capture_fifo.$0$memwr$\memory$fifo.v:34$337_EN[39:0]$344 [0] $flatten\core.\capture_fifo.$0$memwr$\memory$fifo.v:34$337_EN[39:0]$344 [0] $flatten\core.\capture_fifo.$0$memwr$\memory$fifo.v:34$337_EN[39:0]$344 [0] $flatten\core.\capture_fifo.$0$memwr$\memory$fifo.v:34$337_EN[39:0]$344 [0] $flatten\core.\capture_fifo.$0$memwr$\memory$fifo.v:34$337_EN[39:0]$344 [0] $flatten\core.\capture_fifo.$0$memwr$\memory$fifo.v:34$337_EN[39:0]$344 [0] $flatten\core.\capture_fifo.$0$memwr$\memory$fifo.v:34$337_EN[39:0]$344 [0] $flatten\core.\capture_fifo.$0$memwr$\memory$fifo.v:34$337_EN[39:0]$344 [0] $flatten\core.\capture_fifo.$0$memwr$\memory$fifo.v:34$337_EN[39:0]$344 [0] $flatten\core.\capture_fifo.$0$memwr$\memory$fifo.v:34$337_EN[39:0]$344 [0] $flatten\core.\capture_fifo.$0$memwr$\memory$fifo.v:34$337_EN[39:0]$344 [0] $flatten\core.\capture_fifo.$0$memwr$\memory$fifo.v:34$337_EN[39:0]$344 [0] $flatten\core.\capture_fifo.$0$memwr$\memory$fifo.v:34$337_EN[39:0]$344 [0] $flatten\core.\capture_fifo.$0$memwr$\memory$fifo.v:34$337_EN[39:0]$344 [0] $flatten\core.\capture_fifo.$0$memwr$\memory$fifo.v:34$337_EN[39:0]$344 [0] $flatten\core.\capture_fifo.$0$memwr$\memory$fifo.v:34$337_EN[39:0]$344 [0] $flatten\core.\capture_fifo.$0$memwr$\memory$fifo.v:34$337_EN[39:0]$344 [0] $flatten\core.\capture_fifo.$0$memwr$\memory$fifo.v:34$337_EN[39:0]$344 [0] }
    Consolidated identical input bits for $mux cell $flatten\core.\uart_rx_fifo.$procmux$610:
      Old ports: A=$flatten\core.\uart_rx_fifo.$2$memwr$\memory$fifo.v:34$203_EN[7:0]$218, B=8'00000000, Y=$flatten\core.\uart_rx_fifo.$0$memwr$\memory$fifo.v:34$203_EN[7:0]$210
      New ports: A=$flatten\core.\uart_rx_fifo.$procmux$592_Y [0], B=1'0, Y=$flatten\core.\uart_rx_fifo.$0$memwr$\memory$fifo.v:34$203_EN[7:0]$210 [0]
      New connections: $flatten\core.\uart_rx_fifo.$0$memwr$\memory$fifo.v:34$203_EN[7:0]$210 [7:1] = { $flatten\core.\uart_rx_fifo.$0$memwr$\memory$fifo.v:34$203_EN[7:0]$210 [0] $flatten\core.\uart_rx_fifo.$0$memwr$\memory$fifo.v:34$203_EN[7:0]$210 [0] $flatten\core.\uart_rx_fifo.$0$memwr$\memory$fifo.v:34$203_EN[7:0]$210 [0] $flatten\core.\uart_rx_fifo.$0$memwr$\memory$fifo.v:34$203_EN[7:0]$210 [0] $flatten\core.\uart_rx_fifo.$0$memwr$\memory$fifo.v:34$203_EN[7:0]$210 [0] $flatten\core.\uart_rx_fifo.$0$memwr$\memory$fifo.v:34$203_EN[7:0]$210 [0] $flatten\core.\uart_rx_fifo.$0$memwr$\memory$fifo.v:34$203_EN[7:0]$210 [0] }
  Optimizing cells in module \top.
Performed a total of 6 changes.

9.11.5. Executing OPT_MERGE pass (detect identical cells).
Finding identical cells in module `\top'.
<suppressed ~6 debug messages>
Removed a total of 2 cells.

9.11.6. Executing OPT_DFF pass (perform DFF optimizations).

9.11.7. Executing OPT_CLEAN pass (remove unused cells and wires).
Finding unused cells or wires in module \top..
Removed 0 unused cells and 26 unused wires.
<suppressed ~1 debug messages>

9.11.8. Executing OPT_EXPR pass (perform const folding).
Optimizing module top.

9.11.9. Rerunning OPT passes. (Maybe there is more to do..)

9.11.10. Executing OPT_MUXTREE pass (detect dead branches in mux trees).
Running muxtree optimizer on module \top..
  Creating internal representation of mux trees.
  Evaluating internal representation of mux trees.
  Analyzing evaluation results.
Removed 0 multiplexer ports.
<suppressed ~131 debug messages>

9.11.11. Executing OPT_REDUCE pass (consolidate $*mux and $reduce_* inputs).
  Optimizing cells in module \top.
Performed a total of 0 changes.

9.11.12. Executing OPT_MERGE pass (detect identical cells).
Finding identical cells in module `\top'.
Removed a total of 0 cells.

9.11.13. Executing OPT_DFF pass (perform DFF optimizations).

9.11.14. Executing OPT_CLEAN pass (remove unused cells and wires).
Finding unused cells or wires in module \top..

9.11.15. Executing OPT_EXPR pass (perform const folding).
Optimizing module top.

9.11.16. Finished fast OPT passes. (There is nothing left to do.)

9.12. Executing FSM pass (extract and optimize FSM).

9.12.1. Executing FSM_DETECT pass (finding FSMs in design).
Not marking top.core.encoder.total_bytes as FSM state register:
    Users of register don't seem to benefit from recoding.

9.12.2. Executing FSM_EXTRACT pass (extracting FSM from design).

9.12.3. Executing FSM_OPT pass (simple optimizations of FSMs).

9.12.4. Executing OPT_CLEAN pass (remove unused cells and wires).
Finding unused cells or wires in module \top..

9.12.5. Executing FSM_OPT pass (simple optimizations of FSMs).

9.12.6. Executing FSM_RECODE pass (re-assigning FSM state encoding).

9.12.7. Executing FSM_INFO pass (dumping all available information on FSM cells).

9.12.8. Executing FSM_MAP pass (mapping FSMs to basic logic).

9.13. Executing OPT pass (performing simple optimizations).

9.13.1. Executing OPT_EXPR pass (perform const folding).
Optimizing module top.

9.13.2. Executing OPT_MERGE pass (detect identical cells).
Finding identical cells in module `\top'.
Removed a total of 0 cells.

9.13.3. Executing OPT_MUXTREE pass (detect dead branches in mux trees).
Running muxtree optimizer on module \top..
  Creating internal representation of mux trees.
  Evaluating internal representation of mux trees.
  Analyzing evaluation results.
Removed 0 multiplexer ports.
<suppressed ~131 debug messages>

9.13.4. Executing OPT_REDUCE pass (consolidate $*mux and $reduce_* inputs).
  Optimizing cells in module \top.
Performed a total of 0 changes.

9.13.5. Executing OPT_MERGE pass (detect identical cells).
Finding identical cells in module `\top'.
Removed a total of 0 cells.

9.13.6. Executing OPT_DFF pass (perform DFF optimizations).
Adding EN signal on $flatten\core.\usb.$procdff$647 ($dff) from module top (D = $flatten\core.\usb.$procmux$415_Y, Q = \core.usb.burst_counter).
Adding SRST signal on $flatten\core.\usb.$procdff$646 ($dff) from module top (D = $flatten\core.\usb.$procmux$429_Y, Q = \core.usb.stall, rval = 1'0).
Adding EN signal on $flatten\core.\usb.$procdff$645 ($dff) from module top (D = $flatten\core.\usb.$procmux$443_Y, Q = \core.usb.transmitting).
Adding SRST signal on $flatten\core.\uart_rx_fifo.$procdff$675 ($dff) from module top (D = $flatten\core.\uart_rx_fifo.$procmux$619_Y, Q = \core.uart_rx_fifo.write_idx, rval = 12'000000000000).
Adding EN signal on $auto$ff.cc:266:slice$710 ($sdff) from module top (D = $flatten\core.\uart_rx_fifo.$add$fifo.v:24$204_Y, Q = \core.uart_rx_fifo.write_idx).
Adding SRST signal on $flatten\core.\uart_rx_fifo.$procdff$674 ($dff) from module top (D = $flatten\core.\uart_rx_fifo.$procmux$624_Y, Q = \core.uart_rx_fifo.read_idx, rval = 12'000000000000).
Adding EN signal on $auto$ff.cc:266:slice$712 ($sdff) from module top (D = $flatten\core.\uart_rx_fifo.$add$fifo.v:39$223_Y, Q = \core.uart_rx_fifo.read_idx).
Adding SRST signal on $flatten\core.\uart_rx_fifo.$procdff$673 ($dff) from module top (D = $flatten\core.\uart_rx_fifo.$procmux$629_Y, Q = \core.uart_rx_fifo.read_data, rval = 8'00000000).
Adding EN signal on $auto$ff.cc:266:slice$714 ($sdff) from module top (D = $flatten\core.\uart_rx_fifo.$memrd$\memory$fifo.v:38$222_DATA, Q = \core.uart_rx_fifo.read_data).
Adding SRST signal on $flatten\core.\tlv2553.$procdff$653 ($dff) from module top (D = { \core.tlv2553.last_mosi [1:0] \mosi }, Q = \core.tlv2553.last_mosi, rval = 3'000).
Adding SRST signal on $flatten\core.\tlv2553.$procdff$652 ($dff) from module top (D = { \core.tlv2553.last_sclk [1:0] \sclk }, Q = \core.tlv2553.last_sclk, rval = 3'000).
Adding SRST signal on $flatten\core.\tlv2553.$procdff$651 ($dff) from module top (D = { \core.tlv2553.last_cs [1:0] \cs }, Q = \core.tlv2553.last_cs, rval = 3'000).
Adding SRST signal on $flatten\core.\tlv2553.$procdff$650 ($dff) from module top (D = $flatten\core.\tlv2553.$procmux$482_Y, Q = \core.tlv2553.shiftreg, rval = 16'0000000000000000).
Adding EN signal on $auto$ff.cc:266:slice$719 ($sdff) from module top (D = $flatten\core.\tlv2553.$procmux$482_Y, Q = \core.tlv2553.shiftreg).
Adding SRST signal on $flatten\core.\parser.$procdff$649 ($dff) from module top (D = $flatten\core.\parser.$procmux$448_Y, Q = \core.parser.delay_counter, rval = 27'000000000000000000000000000).
Adding EN signal on $auto$ff.cc:266:slice$723 ($sdff) from module top (D = $flatten\core.\parser.$add$parser.v:72$285_Y [26:0], Q = \core.parser.delay_counter).
Adding SRST signal on $flatten\core.\parser.$procdff$648 ($dff) from module top (D = $flatten\core.\parser.$procmux$457_Y, Q = \core.parser.decode_buffer, rval = 0).
Adding EN signal on $auto$ff.cc:266:slice$727 ($sdff) from module top (D = { \core.parser.decode_buffer [23:0] \core.uart_rx_fifo.read_data }, Q = \core.parser.decode_buffer).
Adding SRST signal on $flatten\core.\encoder.$procdff$672 ($dff) from module top (D = $flatten\core.\encoder.$procmux$541_Y, Q = \core.encoder.overflowed, rval = 1'0).
Adding EN signal on $auto$ff.cc:266:slice$729 ($sdff) from module top (D = 1'1, Q = \core.encoder.overflowed).
Adding SRST signal on $flatten\core.\encoder.$procdff$671 ($dff) from module top (D = { $flatten\core.\encoder.$procmux$549_Y [55] $flatten\core.\encoder.$procmux$549_Y [47] $flatten\core.\encoder.$procmux$549_Y [39] $flatten\core.\encoder.$procmux$549_Y [31] $flatten\core.\encoder.$procmux$549_Y [23] $flatten\core.\encoder.$procmux$549_Y [15:0] }, Q = { \core.encoder.payload [55] \core.encoder.payload [47] \core.encoder.payload [39] \core.encoder.payload [31] \core.encoder.payload [23] \core.encoder.payload [15:0] }, rval = 21'000000000000000000000).
Adding SRST signal on $flatten\core.\encoder.$procdff$671 ($dff) from module top (D = { $flatten\core.\encoder.$procmux$552_Y [62] $flatten\core.\encoder.$procmux$552_Y [59:56] $flatten\core.\encoder.$procmux$552_Y [54:48] $flatten\core.\encoder.$procmux$552_Y [46:40] $flatten\core.\encoder.$procmux$552_Y [38:32] $flatten\core.\encoder.$procmux$552_Y [30:24] $flatten\core.\encoder.$procmux$552_Y [22:16] }, Q = { \core.encoder.payload [62] \core.encoder.payload [59:56] \core.encoder.payload [54:48] \core.encoder.payload [46:40] \core.encoder.payload [38:32] \core.encoder.payload [30:24] \core.encoder.payload [22:16] }, rval = 40'0000000000000000000000000000000000000000).
Adding SRST signal on $flatten\core.\encoder.$procdff$671 ($dff) from module top (D = { $flatten\core.\encoder.$procmux$555_Y [63] $flatten\core.\encoder.$procmux$555_Y [61:60] }, Q = { \core.encoder.payload [63] \core.encoder.payload [61:60] }, rval = 3'000).
Adding EN signal on $auto$ff.cc:266:slice$739 ($sdff) from module top (D = { $flatten\core.\encoder.$procmux$555_Y [63] $flatten\core.\encoder.$procmux$555_Y [61:60] }, Q = { \core.encoder.payload [63] \core.encoder.payload [61:60] }).
Adding EN signal on $auto$ff.cc:266:slice$736 ($sdff) from module top (D = { $flatten\core.\encoder.$procmux$552_Y [62] $flatten\core.\encoder.$procmux$552_Y [59:56] $flatten\core.\encoder.$procmux$552_Y [54:48] $flatten\core.\encoder.$procmux$552_Y [46:40] $flatten\core.\encoder.$procmux$552_Y [38:32] $flatten\core.\encoder.$procmux$552_Y [30:24] $flatten\core.\encoder.$procmux$552_Y [22:16] }, Q = { \core.encoder.payload [62] \core.encoder.payload [59:56] \core.encoder.payload [54:48] \core.encoder.payload [46:40] \core.encoder.payload [38:32] \core.encoder.payload [30:24] \core.encoder.payload [22:16] }).
Adding EN signal on $auto$ff.cc:266:slice$733 ($sdff) from module top (D = { \core.encoder.payload [47] \core.encoder.payload [39] \core.encoder.payload [31] \core.encoder.payload [23] \core.encoder.payload [15] \core.encoder.payload [7:0] 8'00000000 }, Q = { \core.encoder.payload [55] \core.encoder.payload [47] \core.encoder.payload [39] \core.encoder.payload [31] \core.encoder.payload [23] \core.encoder.payload [15:0] }).
Adding SRST signal on $flatten\core.\encoder.$procdff$670 ($dff) from module top (D = $flatten\core.\encoder.$procmux$560_Y, Q = \core.encoder.current_byte, rval = 5'00000).
Adding EN signal on $auto$ff.cc:266:slice$747 ($sdff) from module top (D = $flatten\core.\encoder.$add$encoder.v:75$234_Y [4:0], Q = \core.encoder.current_byte).
Adding SRST signal on $flatten\core.\encoder.$procdff$669 ($dff) from module top (D = $flatten\core.\encoder.$procmux$572_Y [4:1], Q = \core.encoder.total_bytes [4:1], rval = 4'0000).
Adding SRST signal on $flatten\core.\encoder.$procdff$669 ($dff) from module top (D = $flatten\core.\encoder.$procmux$575_Y [0], Q = \core.encoder.total_bytes [0], rval = 1'0).
Adding EN signal on $auto$ff.cc:266:slice$754 ($sdff) from module top (D = $flatten\core.\encoder.$procmux$575_Y [0], Q = \core.encoder.total_bytes [0]).
Adding EN signal on $auto$ff.cc:266:slice$751 ($sdff) from module top (D = 4'0011, Q = \core.encoder.total_bytes [4:1]).
Adding EN signal on $flatten\core.\encoder.$procdff$668 ($dff) from module top (D = \core.encoder.payload [63:56], Q = \core.encoder.uart_tx_data).
Adding SRST signal on $flatten\core.\capture_fifo.$procdff$639 ($dff) from module top (D = $flatten\core.\capture_fifo.$procmux$386_Y, Q = \core.capture_fifo.write_idx, rval = 10'0000000000).
Adding EN signal on $auto$ff.cc:266:slice$768 ($sdff) from module top (D = $flatten\core.\capture_fifo.$add$fifo.v:24$338_Y, Q = \core.capture_fifo.write_idx).
Adding SRST signal on $flatten\core.\capture_fifo.$procdff$638 ($dff) from module top (D = $flatten\core.\capture_fifo.$procmux$391_Y, Q = \core.capture_fifo.read_idx, rval = 10'0000000000).
Adding EN signal on $auto$ff.cc:266:slice$770 ($sdff) from module top (D = $flatten\core.\capture_fifo.$add$fifo.v:39$357_Y, Q = \core.capture_fifo.read_idx).
Adding SRST signal on $flatten\core.\capture_fifo.$procdff$637 ($dff) from module top (D = $flatten\core.\capture_fifo.$procmux$396_Y, Q = \core.capture_fifo.read_data, rval = 40'0000000000000000000000000000000000000000).
Adding EN signal on $auto$ff.cc:266:slice$772 ($sdff) from module top (D = $flatten\core.\capture_fifo.$memrd$\memory$fifo.v:38$356_DATA, Q = \core.capture_fifo.read_data).
Adding SRST signal on $flatten\core.\cap.$procdff$667 ($dff) from module top (D = \core.cap.input_stages[2], Q = \core.cap.input_stages[3], rval = 24'000000000000000000000000).
Adding SRST signal on $flatten\core.\cap.$procdff$666 ($dff) from module top (D = \core.cap.input_stages[1], Q = \core.cap.input_stages[2], rval = 24'000000000000000000000000).
Adding SRST signal on $flatten\core.\cap.$procdff$665 ($dff) from module top (D = \core.cap.input_stages[0], Q = \core.cap.input_stages[1], rval = 24'000000000000000000000000).
Adding SRST signal on $flatten\core.\cap.$procdff$664 ($dff) from module top (D = { \B [9:8] \A }, Q = { \core.cap.input_stages[0] [23:22] \core.cap.input_stages[0] [15:0] }, rval = 18'000000000000000000).
Adding SRST signal on $flatten\core.\cap.$procdff$663 ($dff) from module top (D = $flatten\core.\cap.$add$capture.v:40$239_Y [15:0], Q = \core.cap.counter, rval = 16'0000000000000000).
Adding SRST signal on $flatten\core.\cap.$procdff$662 ($dff) from module top (D = \core.cap.counter, Q = \core.cap.delay, rval = 16'0000000000000000).
Adding SRST signal on $flatten\core.\cap.$procdff$661 ($dff) from module top (D = \core.cap.input_stages[2], Q = \core.cap.data, rval = 24'000000000000000000000000).
Adding SRST signal on $flatten\core.\cap.$procdff$660 ($dff) from module top (D = $flatten\core.\cap.$procmux$524_Y, Q = \core.cap.data_wr, rval = 1'0).
Adding SRST signal on $flatten\core.$procdff$644 ($dff) from module top (D = $flatten\core.$sub$core.v:26$320_Y [3:0], Q = \core.por, rval = 4'0000).
Adding SRST signal on $flatten\core.$procdff$641 ($dff) from module top (D = $flatten\core.$procmux$401_Y, Q = \B [15:8], rval = 8'00000000).
Adding EN signal on $auto$ff.cc:266:slice$794 ($sdff) from module top (D = { \core.parser.decode_buffer [8] \core.parser.decode_buffer [6:0] }, Q = \B [15:8]).
Setting constant 0-bit at position 2 on $auto$ff.cc:266:slice$758 ($sdffe) from module top.
Setting constant 0-bit at position 3 on $auto$ff.cc:266:slice$758 ($sdffe) from module top.
Setting constant 0-bit at position 0 on $auto$ff.cc:266:slice$746 ($sdffe) from module top.
Setting constant 0-bit at position 1 on $auto$ff.cc:266:slice$746 ($sdffe) from module top.
Setting constant 0-bit at position 2 on $auto$ff.cc:266:slice$746 ($sdffe) from module top.
Setting constant 0-bit at position 3 on $auto$ff.cc:266:slice$746 ($sdffe) from module top.
Setting constant 0-bit at position 4 on $auto$ff.cc:266:slice$746 ($sdffe) from module top.
Setting constant 0-bit at position 5 on $auto$ff.cc:266:slice$746 ($sdffe) from module top.
Setting constant 0-bit at position 6 on $auto$ff.cc:266:slice$746 ($sdffe) from module top.
Setting constant 0-bit at position 7 on $auto$ff.cc:266:slice$746 ($sdffe) from module top.

9.13.7. Executing OPT_CLEAN pass (remove unused cells and wires).
Finding unused cells or wires in module \top..
Removed 50 unused cells and 51 unused wires.
<suppressed ~51 debug messages>

9.13.8. Executing OPT_EXPR pass (perform const folding).
Optimizing module top.
<suppressed ~7 debug messages>

9.13.9. Rerunning OPT passes. (Maybe there is more to do..)

9.13.10. Executing OPT_MUXTREE pass (detect dead branches in mux trees).
Running muxtree optimizer on module \top..
  Creating internal representation of mux trees.
  Evaluating internal representation of mux trees.
  Analyzing evaluation results.
Removed 0 multiplexer ports.
<suppressed ~60 debug messages>

9.13.11. Executing OPT_REDUCE pass (consolidate $*mux and $reduce_* inputs).
  Optimizing cells in module \top.
Performed a total of 0 changes.

9.13.12. Executing OPT_MERGE pass (detect identical cells).
Finding identical cells in module `\top'.
<suppressed ~24 debug messages>
Removed a total of 8 cells.

9.13.13. Executing OPT_DFF pass (perform DFF optimizations).
Setting constant 0-bit at position 0 on $auto$ff.cc:266:slice$797 ($sdffe) from module top.
Setting constant 0-bit at position 1 on $auto$ff.cc:266:slice$797 ($sdffe) from module top.
Setting constant 0-bit at position 2 on $auto$ff.cc:266:slice$797 ($sdffe) from module top.
Setting constant 0-bit at position 3 on $auto$ff.cc:266:slice$797 ($sdffe) from module top.
Setting constant 0-bit at position 4 on $auto$ff.cc:266:slice$797 ($sdffe) from module top.
Setting constant 0-bit at position 5 on $auto$ff.cc:266:slice$797 ($sdffe) from module top.
Setting constant 0-bit at position 6 on $auto$ff.cc:266:slice$797 ($sdffe) from module top.
Setting constant 0-bit at position 7 on $auto$ff.cc:266:slice$797 ($sdffe) from module top.

9.13.14. Executing OPT_CLEAN pass (remove unused cells and wires).
Finding unused cells or wires in module \top..
Removed 0 unused cells and 8 unused wires.
<suppressed ~1 debug messages>

9.13.15. Executing OPT_EXPR pass (perform const folding).
Optimizing module top.

9.13.16. Rerunning OPT passes. (Maybe there is more to do..)

9.13.17. Executing OPT_MUXTREE pass (detect dead branches in mux trees).
Running muxtree optimizer on module \top..
  Creating internal representation of mux trees.
  Evaluating internal representation of mux trees.
  Analyzing evaluation results.
Removed 0 multiplexer ports.
<suppressed ~60 debug messages>

9.13.18. Executing OPT_REDUCE pass (consolidate $*mux and $reduce_* inputs).
  Optimizing cells in module \top.
Performed a total of 0 changes.

9.13.19. Executing OPT_MERGE pass (detect identical cells).
Finding identical cells in module `\top'.
Removed a total of 0 cells.

9.13.20. Executing OPT_DFF pass (perform DFF optimizations).
Setting constant 0-bit at position 0 on $auto$ff.cc:266:slice$798 ($sdffe) from module top.

9.13.21. Executing OPT_CLEAN pass (remove unused cells and wires).
Finding unused cells or wires in module \top..

9.13.22. Executing OPT_EXPR pass (perform const folding).
Optimizing module top.

9.13.23. Rerunning OPT passes. (Maybe there is more to do..)

9.13.24. Executing OPT_MUXTREE pass (detect dead branches in mux trees).
Running muxtree optimizer on module \top..
  Creating internal representation of mux trees.
  Evaluating internal representation of mux trees.
  Analyzing evaluation results.
Removed 0 multiplexer ports.
<suppressed ~60 debug messages>

9.13.25. Executing OPT_REDUCE pass (consolidate $*mux and $reduce_* inputs).
  Optimizing cells in module \top.
Performed a total of 0 changes.

9.13.26. Executing OPT_MERGE pass (detect identical cells).
Finding identical cells in module `\top'.
Removed a total of 0 cells.

9.13.27. Executing OPT_DFF pass (perform DFF optimizations).
Setting constant 0-bit at position 0 on $auto$ff.cc:266:slice$799 ($sdffe) from module top.

9.13.28. Executing OPT_CLEAN pass (remove unused cells and wires).
Finding unused cells or wires in module \top..

9.13.29. Executing OPT_EXPR pass (perform const folding).
Optimizing module top.

9.13.30. Rerunning OPT passes. (Maybe there is more to do..)

9.13.31. Executing OPT_MUXTREE pass (detect dead branches in mux trees).
Running muxtree optimizer on module \top..
  Creating internal representation of mux trees.
  Evaluating internal representation of mux trees.
  Analyzing evaluation results.
Removed 0 multiplexer ports.
<suppressed ~60 debug messages>

9.13.32. Executing OPT_REDUCE pass (consolidate $*mux and $reduce_* inputs).
  Optimizing cells in module \top.
Performed a total of 0 changes.

9.13.33. Executing OPT_MERGE pass (detect identical cells).
Finding identical cells in module `\top'.
Removed a total of 0 cells.

9.13.34. Executing OPT_DFF pass (perform DFF optimizations).
Setting constant 0-bit at position 0 on $auto$ff.cc:266:slice$800 ($sdffe) from module top.

9.13.35. Executing OPT_CLEAN pass (remove unused cells and wires).
Finding unused cells or wires in module \top..

9.13.36. Executing OPT_EXPR pass (perform const folding).
Optimizing module top.

9.13.37. Rerunning OPT passes. (Maybe there is more to do..)

9.13.38. Executing OPT_MUXTREE pass (detect dead branches in mux trees).
Running muxtree optimizer on module \top..
  Creating internal representation of mux trees.
  Evaluating internal representation of mux trees.
  Analyzing evaluation results.
Removed 0 multiplexer ports.
<suppressed ~60 debug messages>

9.13.39. Executing OPT_REDUCE pass (consolidate $*mux and $reduce_* inputs).
  Optimizing cells in module \top.
Performed a total of 0 changes.

9.13.40. Executing OPT_MERGE pass (detect identical cells).
Finding identical cells in module `\top'.
Removed a total of 0 cells.

9.13.41. Executing OPT_DFF pass (perform DFF optimizations).
Setting constant 0-bit at position 0 on $auto$ff.cc:266:slice$801 ($sdffe) from module top.

9.13.42. Executing OPT_CLEAN pass (remove unused cells and wires).
Finding unused cells or wires in module \top..

9.13.43. Executing OPT_EXPR pass (perform const folding).
Optimizing module top.

9.13.44. Rerunning OPT passes. (Maybe there is more to do..)

9.13.45. Executing OPT_MUXTREE pass (detect dead branches in mux trees).
Running muxtree optimizer on module \top..
  Creating internal representation of mux trees.
  Evaluating internal representation of mux trees.
  Analyzing evaluation results.
Removed 0 multiplexer ports.
<suppressed ~60 debug messages>

9.13.46. Executing OPT_REDUCE pass (consolidate $*mux and $reduce_* inputs).
  Optimizing cells in module \top.
Performed a total of 0 changes.

9.13.47. Executing OPT_MERGE pass (detect identical cells).
Finding identical cells in module `\top'.
Removed a total of 0 cells.

9.13.48. Executing OPT_DFF pass (perform DFF optimizations).
Setting constant 0-bit at position 0 on $auto$ff.cc:266:slice$802 ($sdffe) from module top.

9.13.49. Executing OPT_CLEAN pass (remove unused cells and wires).
Finding unused cells or wires in module \top..

9.13.50. Executing OPT_EXPR pass (perform const folding).
Optimizing module top.

9.13.51. Rerunning OPT passes. (Maybe there is more to do..)

9.13.52. Executing OPT_MUXTREE pass (detect dead branches in mux trees).
Running muxtree optimizer on module \top..
  Creating internal representation of mux trees.
  Evaluating internal representation of mux trees.
  Analyzing evaluation results.
Removed 0 multiplexer ports.
<suppressed ~60 debug messages>

9.13.53. Executing OPT_REDUCE pass (consolidate $*mux and $reduce_* inputs).
  Optimizing cells in module \top.
Performed a total of 0 changes.

9.13.54. Executing OPT_MERGE pass (detect identical cells).
Finding identical cells in module `\top'.
Removed a total of 0 cells.

9.13.55. Executing OPT_DFF pass (perform DFF optimizations).

9.13.56. Executing OPT_CLEAN pass (remove unused cells and wires).
Finding unused cells or wires in module \top..

9.13.57. Executing OPT_EXPR pass (perform const folding).
Optimizing module top.

9.13.58. Finished fast OPT passes. (There is nothing left to do.)

9.14. Executing WREDUCE pass (reducing word size of cells).
Removed top 1 bits (of 2) from port B of cell top.$auto$opt_dff.cc:248:make_patterns_logic$705 ($ne).
Removed top 1 bits (of 3) from FF cell top.$auto$ff.cc:266:slice$716 ($sdff).
Removed top 31 bits (of 32) from port B of cell top.$flatten\core.\encoder.$add$encoder.v:75$234 ($add).
Removed top 27 bits (of 32) from port Y of cell top.$flatten\core.\encoder.$add$encoder.v:75$234 ($add).
Removed top 2 bits (of 5) from mux cell top.$flatten\core.\encoder.$procmux$572 ($mux).
Removed top 4 bits (of 5) from mux cell top.$flatten\core.\encoder.$procmux$575 ($mux).
Removed top 31 bits (of 32) from port B of cell top.$flatten\core.\cap.$add$capture.v:40$239 ($add).
Removed top 16 bits (of 32) from port Y of cell top.$flatten\core.\cap.$add$capture.v:40$239 ($add).
Removed cell top.$flatten\core.\cap.$procmux$530 ($mux).
Removed top 1 bits (of 2) from port B of cell top.$flatten\core.\tlv2553.$eq$mock_tlv2553.v:59$260 ($eq).
Removed top 31 bits (of 32) from port B of cell top.$flatten\core.\parser.$add$parser.v:72$285 ($add).
Removed top 5 bits (of 32) from port Y of cell top.$flatten\core.\parser.$add$parser.v:72$285 ($add).
Removed top 10 bits (of 27) from mux cell top.$flatten\core.\parser.$procmux$463 ($mux).
Removed top 2 bits (of 27) from mux cell top.$flatten\core.\parser.$procmux$469 ($mux).
Removed top 1 bits (of 2) from FF cell top.$auto$ff.cc:266:slice$796 ($sdffe).
Removed top 2 bits (of 5) from port A of cell top.$flatten\core.\encoder.$ne$encoder.v:20$224 ($ne).
Removed top 31 bits (of 32) from port B of cell top.$flatten\core.$sub$core.v:26$320 ($sub).
Removed top 28 bits (of 32) from port Y of cell top.$flatten\core.$sub$core.v:26$320 ($sub).
Removed top 31 bits (of 32) from port B of cell top.$flatten\core.$gt$core.v:25$318 ($gt).
Removed top 2 bits (of 3) from mux cell top.$flatten\core.\encoder.$procmux$572 ($mux).
Removed top 28 bits (of 32) from wire top.$flatten\core.$sub$core.v:26$320_Y.
Removed top 16 bits (of 32) from wire top.$flatten\core.\cap.$add$capture.v:40$239_Y.
Removed top 27 bits (of 32) from wire top.$flatten\core.\encoder.$add$encoder.v:75$234_Y.
Removed top 4 bits (of 5) from wire top.$flatten\core.\encoder.$procmux$572_Y.
Removed top 10 bits (of 27) from wire top.$flatten\core.\parser.$2\delay_value[26:0].
Removed top 5 bits (of 32) from wire top.$flatten\core.\parser.$add$parser.v:72$285_Y.

9.15. Executing PEEPOPT pass (run peephole optimizers).

9.16. Executing OPT_CLEAN pass (remove unused cells and wires).
Finding unused cells or wires in module \top..
Removed 0 unused cells and 7 unused wires.
<suppressed ~1 debug messages>

9.17. Executing SHARE pass (SAT-based resource sharing).
Found 2 cells in module top that may be considered for resource sharing.
  Analyzing resource sharing options for $flatten\core.\tlv2553.$memrd$\bank2$mock_tlv2553.v:55$257 ($memrd):
    Found 1 activation_patterns using ctrl signal { $flatten\core.\tlv2553.$eq$mock_tlv2553.v:59$260_Y $flatten\core.\tlv2553.$eq$mock_tlv2553.v:53$256_Y \core.tlv2553.shiftreg [12] }.
    No candidates found.
  Analyzing resource sharing options for $flatten\core.\tlv2553.$memrd$\bank1$mock_tlv2553.v:55$258 ($memrd):
    Found 1 activation_patterns using ctrl signal { $flatten\core.\tlv2553.$eq$mock_tlv2553.v:59$260_Y $flatten\core.\tlv2553.$eq$mock_tlv2553.v:53$256_Y \core.tlv2553.shiftreg [12] }.
    No candidates found.

9.18. Executing TECHMAP pass (map to technology primitives).

9.18.1. Executing Verilog-2005 frontend: /usr/local/bin/../share/yosys/cmp2lut.v
Parsing Verilog input from `/usr/local/bin/../share/yosys/cmp2lut.v' to AST representation.
verilog frontend filename /usr/local/bin/../share/yosys/cmp2lut.v
Generating RTLIL representation for module `\_90_lut_cmp_'.
Successfully finished Verilog frontend.

9.18.2. Continuing TECHMAP pass.
Using template $paramod$63c7f1a5c4d320eda7bf5de8a615386686b975ab\_90_lut_cmp_ for cells of type $gt.
No more expansions possible.
<suppressed ~36 debug messages>

9.19. Executing OPT_EXPR pass (perform const folding).
Optimizing module top.

9.20. Executing OPT_CLEAN pass (remove unused cells and wires).
Finding unused cells or wires in module \top..
Removed 0 unused cells and 3 unused wires.
<suppressed ~1 debug messages>

9.21. Executing ALUMACC pass (create $alu and $macc cells).
Extracting $alu and $macc cells in module top:
  creating $macc model for $flatten\core.$sub$core.v:26$320 ($sub).
  creating $macc model for $flatten\core.\cap.$add$capture.v:40$239 ($add).
  creating $macc model for $flatten\core.\capture_fifo.$add$fifo.v:24$338 ($add).
  creating $macc model for $flatten\core.\capture_fifo.$add$fifo.v:39$357 ($add).
  creating $macc model for $flatten\core.\encoder.$add$encoder.v:75$234 ($add).
  creating $macc model for $flatten\core.\parser.$add$parser.v:72$285 ($add).
  creating $macc model for $flatten\core.\uart_rx_fifo.$add$fifo.v:24$204 ($add).
  creating $macc model for $flatten\core.\uart_rx_fifo.$add$fifo.v:39$223 ($add).
  creating $alu model for $macc $flatten\core.\uart_rx_fifo.$add$fifo.v:39$223.
  creating $alu model for $macc $flatten\core.\uart_rx_fifo.$add$fifo.v:24$204.
  creating $alu model for $macc $flatten\core.\parser.$add$parser.v:72$285.
  creating $alu model for $macc $flatten\core.\encoder.$add$encoder.v:75$234.
  creating $alu model for $macc $flatten\core.\capture_fifo.$add$fifo.v:39$357.
  creating $alu model for $macc $flatten\core.\capture_fifo.$add$fifo.v:24$338.
  creating $alu model for $macc $flatten\core.\cap.$add$capture.v:40$239.
  creating $alu model for $macc $flatten\core.$sub$core.v:26$320.
  creating $alu cell for $flatten\core.$sub$core.v:26$320: $auto$alumacc.cc:495:replace_alu$812
  creating $alu cell for $flatten\core.\cap.$add$capture.v:40$239: $auto$alumacc.cc:495:replace_alu$815
  creating $alu cell for $flatten\core.\capture_fifo.$add$fifo.v:24$338: $auto$alumacc.cc:495:replace_alu$818
  creating $alu cell for $flatten\core.\capture_fifo.$add$fifo.v:39$357: $auto$alumacc.cc:495:replace_alu$821
  creating $alu cell for $flatten\core.\encoder.$add$encoder.v:75$234: $auto$alumacc.cc:495:replace_alu$824
  creating $alu cell for $flatten\core.\parser.$add$parser.v:72$285: $auto$alumacc.cc:495:replace_alu$827
  creating $alu cell for $flatten\core.\uart_rx_fifo.$add$fifo.v:24$204: $auto$alumacc.cc:495:replace_alu$830
  creating $alu cell for $flatten\core.\uart_rx_fifo.$add$fifo.v:39$223: $auto$alumacc.cc:495:replace_alu$833
  created 8 $alu and 0 $macc cells.

9.22. Executing OPT pass (performing simple optimizations).

9.22.1. Executing OPT_EXPR pass (perform const folding).
Optimizing module top.

9.22.2. Executing OPT_MERGE pass (detect identical cells).
Finding identical cells in module `\top'.
Removed a total of 0 cells.

9.22.3. Executing OPT_MUXTREE pass (detect dead branches in mux trees).
Running muxtree optimizer on module \top..
  Creating internal representation of mux trees.
  Evaluating internal representation of mux trees.
  Analyzing evaluation results.
Removed 0 multiplexer ports.
<suppressed ~58 debug messages>

9.22.4. Executing OPT_REDUCE pass (consolidate $*mux and $reduce_* inputs).
  Optimizing cells in module \top.
Performed a total of 0 changes.

9.22.5. Executing OPT_MERGE pass (detect identical cells).
Finding identical cells in module `\top'.
Removed a total of 0 cells.

9.22.6. Executing OPT_DFF pass (perform DFF optimizations).
Setting constant 0-bit at position 0 on $auto$ff.cc:266:slice$778 ($dff) from module top.
Setting constant 0-bit at position 1 on $auto$ff.cc:266:slice$778 ($dff) from module top.
Setting constant 0-bit at position 2 on $auto$ff.cc:266:slice$778 ($dff) from module top.
Setting constant 0-bit at position 3 on $auto$ff.cc:266:slice$778 ($dff) from module top.
Setting constant 0-bit at position 4 on $auto$ff.cc:266:slice$778 ($dff) from module top.
Setting constant 0-bit at position 5 on $auto$ff.cc:266:slice$778 ($dff) from module top.

9.22.7. Executing OPT_CLEAN pass (remove unused cells and wires).
Finding unused cells or wires in module \top..

9.22.8. Executing OPT_EXPR pass (perform const folding).
Optimizing module top.

9.22.9. Rerunning OPT passes. (Maybe there is more to do..)

9.22.10. Executing OPT_MUXTREE pass (detect dead branches in mux trees).
Running muxtree optimizer on module \top..
  Creating internal representation of mux trees.
  Evaluating internal representation of mux trees.
  Analyzing evaluation results.
Removed 0 multiplexer ports.
<suppressed ~58 debug messages>

9.22.11. Executing OPT_REDUCE pass (consolidate $*mux and $reduce_* inputs).
  Optimizing cells in module \top.
Performed a total of 0 changes.

9.22.12. Executing OPT_MERGE pass (detect identical cells).
Finding identical cells in module `\top'.
Removed a total of 0 cells.

9.22.13. Executing OPT_DFF pass (perform DFF optimizations).
Setting constant 0-bit at position 16 on $auto$ff.cc:266:slice$776 ($sdff) from module top.
Setting constant 0-bit at position 17 on $auto$ff.cc:266:slice$776 ($sdff) from module top.
Setting constant 0-bit at position 18 on $auto$ff.cc:266:slice$776 ($sdff) from module top.
Setting constant 0-bit at position 19 on $auto$ff.cc:266:slice$776 ($sdff) from module top.
Setting constant 0-bit at position 20 on $auto$ff.cc:266:slice$776 ($sdff) from module top.
Setting constant 0-bit at position 21 on $auto$ff.cc:266:slice$776 ($sdff) from module top.

9.22.14. Executing OPT_CLEAN pass (remove unused cells and wires).
Finding unused cells or wires in module \top..

9.22.15. Executing OPT_EXPR pass (perform const folding).
Optimizing module top.

9.22.16. Rerunning OPT passes. (Maybe there is more to do..)

9.22.17. Executing OPT_MUXTREE pass (detect dead branches in mux trees).
Running muxtree optimizer on module \top..
  Creating internal representation of mux trees.
  Evaluating internal representation of mux trees.
  Analyzing evaluation results.
Removed 0 multiplexer ports.
<suppressed ~58 debug messages>

9.22.18. Executing OPT_REDUCE pass (consolidate $*mux and $reduce_* inputs).
  Optimizing cells in module \top.
Performed a total of 0 changes.

9.22.19. Executing OPT_MERGE pass (detect identical cells).
Finding identical cells in module `\top'.
Removed a total of 0 cells.

9.22.20. Executing OPT_DFF pass (perform DFF optimizations).
Setting constant 0-bit at position 16 on $auto$ff.cc:266:slice$775 ($sdff) from module top.
Setting constant 0-bit at position 17 on $auto$ff.cc:266:slice$775 ($sdff) from module top.
Setting constant 0-bit at position 18 on $auto$ff.cc:266:slice$775 ($sdff) from module top.
Setting constant 0-bit at position 19 on $auto$ff.cc:266:slice$775 ($sdff) from module top.
Setting constant 0-bit at position 20 on $auto$ff.cc:266:slice$775 ($sdff) from module top.
Setting constant 0-bit at position 21 on $auto$ff.cc:266:slice$775 ($sdff) from module top.

9.22.21. Executing OPT_CLEAN pass (remove unused cells and wires).
Finding unused cells or wires in module \top..

9.22.22. Executing OPT_EXPR pass (perform const folding).
Optimizing module top.

9.22.23. Rerunning OPT passes. (Maybe there is more to do..)

9.22.24. Executing OPT_MUXTREE pass (detect dead branches in mux trees).
Running muxtree optimizer on module \top..
  Creating internal representation of mux trees.
  Evaluating internal representation of mux trees.
  Analyzing evaluation results.
Removed 0 multiplexer ports.
<suppressed ~58 debug messages>

9.22.25. Executing OPT_REDUCE pass (consolidate $*mux and $reduce_* inputs).
  Optimizing cells in module \top.
Performed a total of 0 changes.

9.22.26. Executing OPT_MERGE pass (detect identical cells).
Finding identical cells in module `\top'.
Removed a total of 0 cells.

9.22.27. Executing OPT_DFF pass (perform DFF optimizations).
Setting constant 0-bit at position 16 on $auto$ff.cc:266:slice$774 ($sdff) from module top.
Setting constant 0-bit at position 17 on $auto$ff.cc:266:slice$774 ($sdff) from module top.
Setting constant 0-bit at position 18 on $auto$ff.cc:266:slice$774 ($sdff) from module top.
Setting constant 0-bit at position 19 on $auto$ff.cc:266:slice$774 ($sdff) from module top.
Setting constant 0-bit at position 20 on $auto$ff.cc:266:slice$774 ($sdff) from module top.
Setting constant 0-bit at position 21 on $auto$ff.cc:266:slice$774 ($sdff) from module top.
Setting constant 0-bit at position 16 on $auto$ff.cc:266:slice$787 ($sdff) from module top.
Setting constant 0-bit at position 17 on $auto$ff.cc:266:slice$787 ($sdff) from module top.
Setting constant 0-bit at position 18 on $auto$ff.cc:266:slice$787 ($sdff) from module top.
Setting constant 0-bit at position 19 on $auto$ff.cc:266:slice$787 ($sdff) from module top.
Setting constant 0-bit at position 20 on $auto$ff.cc:266:slice$787 ($sdff) from module top.
Setting constant 0-bit at position 21 on $auto$ff.cc:266:slice$787 ($sdff) from module top.

9.22.28. Executing OPT_CLEAN pass (remove unused cells and wires).
Finding unused cells or wires in module \top..

9.22.29. Executing OPT_EXPR pass (perform const folding).
Optimizing module top.

9.22.30. Rerunning OPT passes. (Maybe there is more to do..)

9.22.31. Executing OPT_MUXTREE pass (detect dead branches in mux trees).
Running muxtree optimizer on module \top..
  Creating internal representation of mux trees.
  Evaluating internal representation of mux trees.
  Analyzing evaluation results.
Removed 0 multiplexer ports.
<suppressed ~58 debug messages>

9.22.32. Executing OPT_REDUCE pass (consolidate $*mux and $reduce_* inputs).
  Optimizing cells in module \top.
Performed a total of 0 changes.

9.22.33. Executing OPT_MERGE pass (detect identical cells).
Finding identical cells in module `\top'.
Removed a total of 0 cells.

9.22.34. Executing OPT_DFF pass (perform DFF optimizations).

9.22.35. Executing OPT_CLEAN pass (remove unused cells and wires).
Finding unused cells or wires in module \top..

9.22.36. Executing OPT_EXPR pass (perform const folding).
Optimizing module top.

9.22.37. Finished fast OPT passes. (There is nothing left to do.)

9.23. Executing MEMORY pass.

9.23.1. Executing OPT_MEM pass (optimize memories).
Performed a total of 0 transformations.

9.23.2. Executing OPT_MEM_PRIORITY pass (removing unnecessary memory write priority relations).
Performed a total of 0 transformations.

9.23.3. Executing OPT_MEM_FEEDBACK pass (finding memory read-to-write feedback paths).
  Analyzing top.core.capture_fifo.memory write port 0.
  Analyzing top.core.tlv2553.bank1 write port 0.
  Analyzing top.core.tlv2553.bank2 write port 0.
  Analyzing top.core.uart_rx_fifo.memory write port 0.

9.23.4. Executing MEMORY_BMUX2ROM pass (converting muxes to ROMs).

9.23.5. Executing MEMORY_DFF pass (merging $dff cells to $memrd).
Checking read port `\core.capture_fifo.memory'[0] in module `\top': merging output FF to cell.
    Write port 0: don't care on collision.
Checking read port `\core.tlv2553.bank1'[0] in module `\top': FF found, but with a mux select that doesn't seem to correspond to transparency logic.
Checking read port `\core.tlv2553.bank2'[0] in module `\top': FF found, but with a mux select that doesn't seem to correspond to transparency logic.
Checking read port `\core.uart_rx_fifo.memory'[0] in module `\top': merging output FF to cell.
    Write port 0: don't care on collision.
Checking read port address `\core.tlv2553.bank1'[0] in module `\top': merged address FF to cell.
Checking read port address `\core.tlv2553.bank2'[0] in module `\top': merged address FF to cell.

9.23.6. Executing OPT_CLEAN pass (remove unused cells and wires).
Finding unused cells or wires in module \top..
Removed 2 unused cells and 50 unused wires.
<suppressed ~3 debug messages>

9.23.7. Executing MEMORY_SHARE pass (consolidating $memrd/$memwr cells).

9.23.8. Executing OPT_MEM_WIDEN pass (optimize memories where all ports are wide).
Performed a total of 0 transformations.

9.23.9. Executing OPT_CLEAN pass (remove unused cells and wires).
Finding unused cells or wires in module \top..

9.23.10. Executing MEMORY_COLLECT pass (generating $mem cells).

9.24. Executing OPT_CLEAN pass (remove unused cells and wires).
Finding unused cells or wires in module \top..

9.25. Executing MEMORY_LIBMAP pass (mapping memories to cells).
mapping memory top.core.capture_fifo.memory via $__DP8KC_
mapping memory top.core.tlv2553.bank1 via $__TRELLIS_DPR16X4_
Extracted addr FF from read port 0 of top.core.tlv2553.bank1: $\core.tlv2553.bank1$rdreg[0]
mapping memory top.core.tlv2553.bank2 via $__TRELLIS_DPR16X4_
Extracted addr FF from read port 0 of top.core.tlv2553.bank2: $\core.tlv2553.bank2$rdreg[0]
mapping memory top.core.uart_rx_fifo.memory via $__DP8KC_
<suppressed ~1684 debug messages>

9.26. Executing TECHMAP pass (map to technology primitives).

9.26.1. Executing Verilog-2005 frontend: /usr/local/bin/../share/yosys/lattice/lutrams_map.v
Parsing Verilog input from `/usr/local/bin/../share/yosys/lattice/lutrams_map.v' to AST representation.
verilog frontend filename /usr/local/bin/../share/yosys/lattice/lutrams_map.v
Generating RTLIL representation for module `\$__TRELLIS_DPR16X4_'.
Successfully finished Verilog frontend.

9.26.2. Executing Verilog-2005 frontend: /usr/local/bin/../share/yosys/lattice/brams_map_8kc.v
Parsing Verilog input from `/usr/local/bin/../share/yosys/lattice/brams_map_8kc.v' to AST representation.
verilog frontend filename /usr/local/bin/../share/yosys/lattice/brams_map_8kc.v
Generating RTLIL representation for module `\$__DP8KC_'.
Generating RTLIL representation for module `\$__PDPW8KC_'.
Successfully finished Verilog frontend.

9.26.3. Continuing TECHMAP pass.
Using template $paramod$04778961cc1285a5efea28f98f28381eb2862208\$__TRELLIS_DPR16X4_ for cells of type $__TRELLIS_DPR16X4_.
Using template $paramod$e6299f16d9ed8e6184d9af432f1e50f1128ccc29\$__DP8KC_ for cells of type $__DP8KC_.
Using template $paramod$4c9d37fef63748618d7d88566d7cdedd899f77e7\$__DP8KC_ for cells of type $__DP8KC_.
No more expansions possible.
<suppressed ~75 debug messages>

9.27. Executing OPT pass (performing simple optimizations).

9.27.1. Executing OPT_EXPR pass (perform const folding).
Optimizing module top.
<suppressed ~24 debug messages>

9.27.2. Executing OPT_MERGE pass (detect identical cells).
Finding identical cells in module `\top'.
<suppressed ~9 debug messages>
Removed a total of 3 cells.

9.27.3. Executing OPT_DFF pass (perform DFF optimizations).
Adding SRST signal on $\core.tlv2553.bank1$rdreg[0] ($dff) from module top (D = $auto$rtlil.cc:3270:Mux$894, Q = $\core.tlv2553.bank1$rdreg[0]$q, rval = 3'000).

9.27.4. Executing OPT_CLEAN pass (remove unused cells and wires).
Finding unused cells or wires in module \top..
Removed 1 unused cells and 245 unused wires.
<suppressed ~2 debug messages>

9.27.5. Rerunning OPT passes. (Removed registers in this run.)

9.27.6. Executing OPT_EXPR pass (perform const folding).
Optimizing module top.
<suppressed ~1 debug messages>

9.27.7. Executing OPT_MERGE pass (detect identical cells).
Finding identical cells in module `\top'.
Removed a total of 0 cells.

9.27.8. Executing OPT_DFF pass (perform DFF optimizations).

9.27.9. Executing OPT_CLEAN pass (remove unused cells and wires).
Finding unused cells or wires in module \top..
Removed 0 unused cells and 1 unused wires.
<suppressed ~1 debug messages>

9.27.10. Finished fast OPT passes.

9.28. Executing MEMORY_MAP pass (converting memories to logic and flip-flops).

9.29. Executing OPT pass (performing simple optimizations).

9.29.1. Executing OPT_EXPR pass (perform const folding).
Optimizing module top.

9.29.2. Executing OPT_MERGE pass (detect identical cells).
Finding identical cells in module `\top'.
Removed a total of 0 cells.

9.29.3. Executing OPT_MUXTREE pass (detect dead branches in mux trees).
Running muxtree optimizer on module \top..
  Creating internal representation of mux trees.
  Evaluating internal representation of mux trees.
  Analyzing evaluation results.
Removed 0 multiplexer ports.
<suppressed ~26 debug messages>

9.29.4. Executing OPT_REDUCE pass (consolidate $*mux and $reduce_* inputs).
  Optimizing cells in module \top.
    Consolidated identical input bits for $mux cell $flatten\core.\encoder.$procmux$549:
      Old ports: A=64'xxxxxxxx0xxxxxxx0xxxxxxx0xxxxxxx0xxxxxxx0xxxxxxx0000000000000000, B={ 1'0 \core.encoder.payload [54:48] 1'0 \core.encoder.payload [46:40] 1'0 \core.encoder.payload [38:32] 1'0 \core.encoder.payload [30:24] 1'0 \core.encoder.payload [22:16] 24'000000000000000000000000 }, Y=$flatten\core.\encoder.$procmux$549_Y
      New ports: A=36'x, B={ \core.encoder.payload [54:48] \core.encoder.payload [46:40] \core.encoder.payload [38:32] \core.encoder.payload [30:24] \core.encoder.payload [22:16] 1'0 }, Y={ $flatten\core.\encoder.$procmux$549_Y [62:56] $flatten\core.\encoder.$procmux$549_Y [54:48] $flatten\core.\encoder.$procmux$549_Y [46:40] $flatten\core.\encoder.$procmux$549_Y [38:32] $flatten\core.\encoder.$procmux$549_Y [30:24] $flatten\core.\encoder.$procmux$549_Y [16] }
      New connections: { $flatten\core.\encoder.$procmux$549_Y [63] $flatten\core.\encoder.$procmux$549_Y [55] $flatten\core.\encoder.$procmux$549_Y [47] $flatten\core.\encoder.$procmux$549_Y [39] $flatten\core.\encoder.$procmux$549_Y [31] $flatten\core.\encoder.$procmux$549_Y [23:17] $flatten\core.\encoder.$procmux$549_Y [15:0] } = { $flatten\core.\encoder.$procmux$549_Y [16] 5'00000 $flatten\core.\encoder.$procmux$549_Y [16] $flatten\core.\encoder.$procmux$549_Y [16] $flatten\core.\encoder.$procmux$549_Y [16] $flatten\core.\encoder.$procmux$549_Y [16] $flatten\core.\encoder.$procmux$549_Y [16] $flatten\core.\encoder.$procmux$549_Y [16] 16'0000000000000000 }
  Optimizing cells in module \top.
    Consolidated identical input bits for $mux cell $flatten\core.\encoder.$procmux$552:
      Old ports: A=$flatten\core.\encoder.$procmux$549_Y, B={ 3'110 \core.capture_fifo.read_data [39:35] 1'0 \core.capture_fifo.read_data [34:28] 1'0 \core.capture_fifo.read_data [27:21] 1'0 \core.capture_fifo.read_data [20:14] 1'0 \core.capture_fifo.read_data [13:7] 1'0 \core.capture_fifo.read_data [6:0] 16'0000000000000000 }, Y=$flatten\core.\encoder.$procmux$552_Y
      New ports: A={ $flatten\core.\encoder.$procmux$549_Y [16] $flatten\core.\encoder.$procmux$549_Y [62:56] $flatten\core.\encoder.$procmux$549_Y [54:48] $flatten\core.\encoder.$procmux$549_Y [46:40] $flatten\core.\encoder.$procmux$549_Y [38:32] $flatten\core.\encoder.$procmux$549_Y [30:24] $flatten\core.\encoder.$procmux$549_Y [16] $flatten\core.\encoder.$procmux$549_Y [16] $flatten\core.\encoder.$procmux$549_Y [16] $flatten\core.\encoder.$procmux$549_Y [16] $flatten\core.\encoder.$procmux$549_Y [16] $flatten\core.\encoder.$procmux$549_Y [16] $flatten\core.\encoder.$procmux$549_Y [16] }, B={ 3'110 \core.capture_fifo.read_data }, Y={ $flatten\core.\encoder.$procmux$552_Y [63:56] $flatten\core.\encoder.$procmux$552_Y [54:48] $flatten\core.\encoder.$procmux$552_Y [46:40] $flatten\core.\encoder.$procmux$552_Y [38:32] $flatten\core.\encoder.$procmux$552_Y [30:24] $flatten\core.\encoder.$procmux$552_Y [22:16] }
      New connections: { $flatten\core.\encoder.$procmux$552_Y [55] $flatten\core.\encoder.$procmux$552_Y [47] $flatten\core.\encoder.$procmux$552_Y [39] $flatten\core.\encoder.$procmux$552_Y [31] $flatten\core.\encoder.$procmux$552_Y [23] $flatten\core.\encoder.$procmux$552_Y [15:0] } = 21'000000000000000000000
  Optimizing cells in module \top.
    Consolidated identical input bits for $mux cell $flatten\core.\encoder.$procmux$555:
      Old ports: A=$flatten\core.\encoder.$procmux$552_Y, B=64'1011000000000000000000000000000000000000000000000000000000000000, Y=$flatten\core.\encoder.$procmux$555_Y
      New ports: A={ $flatten\core.\encoder.$procmux$552_Y [63:56] $flatten\core.\encoder.$procmux$552_Y [54:48] $flatten\core.\encoder.$procmux$552_Y [46:40] $flatten\core.\encoder.$procmux$552_Y [38:32] $flatten\core.\encoder.$procmux$552_Y [30:24] $flatten\core.\encoder.$procmux$552_Y [22:16] }, B=43'1011000000000000000000000000000000000000000, Y={ $flatten\core.\encoder.$procmux$555_Y [63:56] $flatten\core.\encoder.$procmux$555_Y [54:48] $flatten\core.\encoder.$procmux$555_Y [46:40] $flatten\core.\encoder.$procmux$555_Y [38:32] $flatten\core.\encoder.$procmux$555_Y [30:24] $flatten\core.\encoder.$procmux$555_Y [22:16] }
      New connections: { $flatten\core.\encoder.$procmux$555_Y [55] $flatten\core.\encoder.$procmux$555_Y [47] $flatten\core.\encoder.$procmux$555_Y [39] $flatten\core.\encoder.$procmux$555_Y [31] $flatten\core.\encoder.$procmux$555_Y [23] $flatten\core.\encoder.$procmux$555_Y [15:0] } = 21'000000000000000000000
  Optimizing cells in module \top.
Performed a total of 3 changes.

9.29.5. Executing OPT_MERGE pass (detect identical cells).
Finding identical cells in module `\top'.
Removed a total of 0 cells.

9.29.6. Executing OPT_DFF pass (perform DFF optimizations).

9.29.7. Executing OPT_CLEAN pass (remove unused cells and wires).
Finding unused cells or wires in module \top..

9.29.8. Executing OPT_EXPR pass (perform const folding).
Optimizing module top.
<suppressed ~1 debug messages>

9.29.9. Rerunning OPT passes. (Maybe there is more to do..)

9.29.10. Executing OPT_MUXTREE pass (detect dead branches in mux trees).
Running muxtree optimizer on module \top..
  Creating internal representation of mux trees.
  Evaluating internal representation of mux trees.
  Analyzing evaluation results.
Removed 0 multiplexer ports.
<suppressed ~25 debug messages>

9.29.11. Executing OPT_REDUCE pass (consolidate $*mux and $reduce_* inputs).
  Optimizing cells in module \top.
Performed a total of 0 changes.

9.29.12. Executing OPT_MERGE pass (detect identical cells).
Finding identical cells in module `\top'.
Removed a total of 0 cells.

9.29.13. Executing OPT_DFF pass (perform DFF optimizations).

9.29.14. Executing OPT_CLEAN pass (remove unused cells and wires).
Finding unused cells or wires in module \top..
Removed 0 unused cells and 1 unused wires.
<suppressed ~1 debug messages>

9.29.15. Executing OPT_EXPR pass (perform const folding).
Optimizing module top.

9.29.16. Rerunning OPT passes. (Maybe there is more to do..)

9.29.17. Executing OPT_MUXTREE pass (detect dead branches in mux trees).
Running muxtree optimizer on module \top..
  Creating internal representation of mux trees.
  Evaluating internal representation of mux trees.
  Analyzing evaluation results.
Removed 0 multiplexer ports.
<suppressed ~25 debug messages>

9.29.18. Executing OPT_REDUCE pass (consolidate $*mux and $reduce_* inputs).
  Optimizing cells in module \top.
Performed a total of 0 changes.

9.29.19. Executing OPT_MERGE pass (detect identical cells).
Finding identical cells in module `\top'.
Removed a total of 0 cells.

9.29.20. Executing OPT_DFF pass (perform DFF optimizations).

9.29.21. Executing OPT_CLEAN pass (remove unused cells and wires).
Finding unused cells or wires in module \top..

9.29.22. Executing OPT_EXPR pass (perform const folding).
Optimizing module top.

9.29.23. Finished fast OPT passes. (There is nothing left to do.)

9.30. Executing TECHMAP pass (map to technology primitives).

9.30.1. Executing Verilog-2005 frontend: /usr/local/bin/../share/yosys/techmap.v
Parsing Verilog input from `/usr/local/bin/../share/yosys/techmap.v' to AST representation.
verilog frontend filename /usr/local/bin/../share/yosys/techmap.v
Generating RTLIL representation for module `\_90_simplemap_bool_ops'.
Generating RTLIL representation for module `\_90_simplemap_reduce_ops'.
Generating RTLIL representation for module `\_90_simplemap_logic_ops'.
Generating RTLIL representation for module `\_90_simplemap_compare_ops'.
Generating RTLIL representation for module `\_90_simplemap_various'.
Generating RTLIL representation for module `\_90_simplemap_registers'.
Generating RTLIL representation for module `\_90_shift_ops_shr_shl_sshl_sshr'.
Generating RTLIL representation for module `\_90_shift_shiftx'.
Generating RTLIL representation for module `\_90_fa'.
Generating RTLIL representation for module `\_90_lcu_brent_kung'.
Generating RTLIL representation for module `\_90_alu'.
Generating RTLIL representation for module `\_90_macc'.
Generating RTLIL representation for module `\_90_alumacc'.
Generating RTLIL representation for module `\$__div_mod_u'.
Generating RTLIL representation for module `\$__div_mod_trunc'.
Generating RTLIL representation for module `\_90_div'.
Generating RTLIL representation for module `\_90_mod'.
Generating RTLIL representation for module `\$__div_mod_floor'.
Generating RTLIL representation for module `\_90_divfloor'.
Generating RTLIL representation for module `\_90_modfloor'.
Generating RTLIL representation for module `\_90_pow'.
Generating RTLIL representation for module `\_90_pmux'.
Generating RTLIL representation for module `\_90_demux'.
Generating RTLIL representation for module `\_90_lut'.
Generating RTLIL representation for module `\$connect'.
Generating RTLIL representation for module `\$input_port'.
Successfully finished Verilog frontend.

9.30.2. Executing Verilog-2005 frontend: /usr/local/bin/../share/yosys/lattice/arith_map_ccu2d.v
Parsing Verilog input from `/usr/local/bin/../share/yosys/lattice/arith_map_ccu2d.v' to AST representation.
verilog frontend filename /usr/local/bin/../share/yosys/lattice/arith_map_ccu2d.v
Generating RTLIL representation for module `\_80_ccu2d_alu'.
Successfully finished Verilog frontend.

9.30.3. Continuing TECHMAP pass.
Using extmapper simplemap for cells of type $reduce_or.
Using extmapper simplemap for cells of type $reduce_bool.
Using extmapper simplemap for cells of type $not.
Using extmapper simplemap for cells of type $reduce_and.
Using extmapper simplemap for cells of type $sdff.
Using extmapper simplemap for cells of type $mux.
Using extmapper simplemap for cells of type $ne.
Using extmapper simplemap for cells of type $dffe.
Using extmapper simplemap for cells of type $logic_and.
Using extmapper simplemap for cells of type $eq.
Using extmapper simplemap for cells of type $logic_or.
Using extmapper simplemap for cells of type $logic_not.
Using template $paramod$956e79e8f8c5e64be7438155ae50a966e615cb04\_80_ccu2d_alu for cells of type $alu.
Using extmapper simplemap for cells of type $sdffe.
Using template $paramod$672a140277c71df8314410f22acc08d55222c3c7\_80_ccu2d_alu for cells of type $alu.
Using template $paramod$8742280fdebca84e1c87f2a86ed84f62d558f4cc\_90_alu for cells of type $alu.
Using template $paramod$754650b284649a026620fc6856e5b6886cbfe794\_80_ccu2d_alu for cells of type $alu.
Using extmapper simplemap for cells of type $lut.
Using template $paramod$8f780356cb6cdb52f6a744190131b65634639c4e\_80_ccu2d_alu for cells of type $alu.
Using extmapper simplemap for cells of type $dff.
Using extmapper simplemap for cells of type $tribuf.
Using template $paramod$2af30114e9bd4ccb04dad757b3f0a8f6bf0615b0\_80_ccu2d_alu for cells of type $alu.
Using extmapper simplemap for cells of type $pos.
Using extmapper simplemap for cells of type $xor.
Using template $paramod\_90_fa\WIDTH=32'00000000000000000000000000000100 for cells of type $fa.
Using template $paramod\_90_lcu_brent_kung\WIDTH=32'00000000000000000000000000000100 for cells of type $lcu.
Using extmapper simplemap for cells of type $or.
Using extmapper simplemap for cells of type $and.
No more expansions possible.
<suppressed ~720 debug messages>

9.31. Executing OPT pass (performing simple optimizations).

9.31.1. Executing OPT_EXPR pass (perform const folding).
Optimizing module top.
<suppressed ~488 debug messages>

9.31.2. Executing OPT_MERGE pass (detect identical cells).
Finding identical cells in module `\top'.
<suppressed ~90 debug messages>
Removed a total of 30 cells.

9.31.3. Executing OPT_DFF pass (perform DFF optimizations).

9.31.4. Executing OPT_CLEAN pass (remove unused cells and wires).
Finding unused cells or wires in module \top..
Removed 165 unused cells and 436 unused wires.
<suppressed ~172 debug messages>

9.31.5. Finished fast OPT passes.

9.32. Executing OPT_CLEAN pass (remove unused cells and wires).
Finding unused cells or wires in module \top..

9.33. Executing DFFLEGALIZE pass (convert FFs to types supported by the target).

9.34. Executing OPT_MERGE pass (detect identical cells).
Finding identical cells in module `\top'.
<suppressed ~3 debug messages>
Removed a total of 1 cells.

9.35. Executing TECHMAP pass (map to technology primitives).

9.35.1. Executing Verilog-2005 frontend: /usr/local/bin/../share/yosys/lattice/cells_map.v
Parsing Verilog input from `/usr/local/bin/../share/yosys/lattice/cells_map.v' to AST representation.
verilog frontend filename /usr/local/bin/../share/yosys/lattice/cells_map.v
Generating RTLIL representation for module `\$_DFF_N_'.
Generating RTLIL representation for module `\$_DFF_P_'.
Generating RTLIL representation for module `\$_DFFE_NN_'.
Generating RTLIL representation for module `\$_DFFE_PN_'.
Generating RTLIL representation for module `\$_DFFE_NP_'.
Generating RTLIL representation for module `\$_DFFE_PP_'.
Generating RTLIL representation for module `\$_DFF_NP0_'.
Generating RTLIL representation for module `\$_DFF_NP1_'.
Generating RTLIL representation for module `\$_DFF_PP0_'.
Generating RTLIL representation for module `\$_DFF_PP1_'.
Generating RTLIL representation for module `\$_SDFF_NP0_'.
Generating RTLIL representation for module `\$_SDFF_NP1_'.
Generating RTLIL representation for module `\$_SDFF_PP0_'.
Generating RTLIL representation for module `\$_SDFF_PP1_'.
Generating RTLIL representation for module `\$_DFFE_NP0P_'.
Generating RTLIL representation for module `\$_DFFE_NP1P_'.
Generating RTLIL representation for module `\$_DFFE_PP0P_'.
Generating RTLIL representation for module `\$_DFFE_PP1P_'.
Generating RTLIL representation for module `\$_DFFE_NP0N_'.
Generating RTLIL representation for module `\$_DFFE_NP1N_'.
Generating RTLIL representation for module `\$_DFFE_PP0N_'.
Generating RTLIL representation for module `\$_DFFE_PP1N_'.
Generating RTLIL representation for module `\$_SDFFE_NP0P_'.
Generating RTLIL representation for module `\$_SDFFE_NP1P_'.
Generating RTLIL representation for module `\$_SDFFE_PP0P_'.
Generating RTLIL representation for module `\$_SDFFE_PP1P_'.
Generating RTLIL representation for module `\$_SDFFE_NP0N_'.
Generating RTLIL representation for module `\$_SDFFE_NP1N_'.
Generating RTLIL representation for module `\$_SDFFE_PP0N_'.
Generating RTLIL representation for module `\$_SDFFE_PP1N_'.
Generating RTLIL representation for module `\$_ALDFF_NP_'.
Generating RTLIL representation for module `\$_ALDFF_PP_'.
Generating RTLIL representation for module `\$_ALDFFE_NPN_'.
Generating RTLIL representation for module `\$_ALDFFE_NPP_'.
Generating RTLIL representation for module `\$_ALDFFE_PPN_'.
Generating RTLIL representation for module `\$_ALDFFE_PPP_'.
Generating RTLIL representation for module `\FD1P3AX'.
Generating RTLIL representation for module `\FD1P3AY'.
Generating RTLIL representation for module `\FD1P3BX'.
Generating RTLIL representation for module `\FD1P3DX'.
Generating RTLIL representation for module `\FD1P3IX'.
Generating RTLIL representation for module `\FD1P3JX'.
Generating RTLIL representation for module `\FD1S3AX'.
Generating RTLIL representation for module `\FD1S3AY'.
Generating RTLIL representation for module `\FD1S3BX'.
Generating RTLIL representation for module `\FD1S3DX'.
Generating RTLIL representation for module `\FD1S3IX'.
Generating RTLIL representation for module `\FD1S3JX'.
Generating RTLIL representation for module `\IFS1P3BX'.
Generating RTLIL representation for module `\IFS1P3DX'.
Generating RTLIL representation for module `\IFS1P3IX'.
Generating RTLIL representation for module `\IFS1P3JX'.
Generating RTLIL representation for module `\OFS1P3BX'.
Generating RTLIL representation for module `\OFS1P3DX'.
Generating RTLIL representation for module `\OFS1P3IX'.
Generating RTLIL representation for module `\OFS1P3JX'.
Generating RTLIL representation for module `\IB'.
Generating RTLIL representation for module `\IBPU'.
Generating RTLIL representation for module `\IBPD'.
Generating RTLIL representation for module `\OB'.
Generating RTLIL representation for module `\OBZ'.
Generating RTLIL representation for module `\OBZPU'.
Generating RTLIL representation for module `\OBZPD'.
Generating RTLIL representation for module `\OBCO'.
Generating RTLIL representation for module `\BB'.
Generating RTLIL representation for module `\BBPU'.
Generating RTLIL representation for module `\BBPD'.
Generating RTLIL representation for module `\ILVDS'.
Generating RTLIL representation for module `\OLVDS'.
Successfully finished Verilog frontend.

9.35.2. Continuing TECHMAP pass.
Using template $paramod\$_DFF_P_\_TECHMAP_WIREINIT_Q_=1'1 for cells of type $_DFF_P_.
Using template \$_SDFFE_PP0P_ for cells of type $_SDFFE_PP0P_.
Using template \$_SDFF_PP0_ for cells of type $_SDFF_PP0_.
Using template $paramod\$_DFFE_PP_\_TECHMAP_WIREINIT_Q_=1'x for cells of type $_DFFE_PP_.
Using template $paramod\$_DFFE_PP_\_TECHMAP_WIREINIT_Q_=1'0 for cells of type $_DFFE_PP_.
Using template $paramod\$_DFFE_PP_\_TECHMAP_WIREINIT_Q_=1'1 for cells of type $_DFFE_PP_.
Using template $paramod\$_DFF_P_\_TECHMAP_WIREINIT_Q_=1'x for cells of type $_DFF_P_.
No more expansions possible.
<suppressed ~471 debug messages>

9.36. Executing OPT_EXPR pass (perform const folding).
Optimizing module top.

9.37. Executing SIMPLEMAP pass (map simple cells to gate primitives).

9.38. Executing LATTICE_GSR pass (implement FF init values).
Handling GSR in top.

9.39. Executing ATTRMVCP pass (move or copy attributes).

9.40. Executing OPT_CLEAN pass (remove unused cells and wires).
Finding unused cells or wires in module \top..
Removed 0 unused cells and 1899 unused wires.
<suppressed ~1 debug messages>

9.41. Executing TECHMAP pass (map to technology primitives).

9.41.1. Executing Verilog-2005 frontend: /usr/local/bin/../share/yosys/lattice/latches_map.v
Parsing Verilog input from `/usr/local/bin/../share/yosys/lattice/latches_map.v' to AST representation.
verilog frontend filename /usr/local/bin/../share/yosys/lattice/latches_map.v
Generating RTLIL representation for module `\$_DLATCH_N_'.
Generating RTLIL representation for module `\$_DLATCH_P_'.
Successfully finished Verilog frontend.

9.41.2. Continuing TECHMAP pass.
No more expansions possible.
<suppressed ~4 debug messages>

9.42. Executing ABC pass (technology mapping using ABC).

9.42.1. Extracting gate netlist of module `\top' to `<abc-temp-dir>/input.blif'..

9.42.1.1. Executed ABC.
Extracted 548 gates and 883 wires to a netlist network with 333 inputs and 118 outputs.
Running ABC script: <abc-temp-dir>/abc.script
ABC: UC Berkeley, ABC 1.01 (compiled Jan  4 2025 09:54:03)
ABC: abc 01> empty
ABC: abc 01> source <abc-temp-dir>/abc.script
ABC: + read_blif <abc-temp-dir>/input.blif 
ABC: + read_lut /tmp/yosys-abc-sEQI6D/lutdefs.txt 
ABC: + strash 
ABC: + &get -n 
ABC: + &fraig -x 
ABC: + &put 
ABC: + scorr 
ABC: Warning: The network is combinational (run "fraig" or "fraig_sweep").
ABC: + dc2 
ABC: + dretime 
ABC: + strash 
ABC: + dch -f 
ABC: + if 
ABC: + mfs2 
ABC: + lutpack -S 1 
ABC: + dress <abc-temp-dir>/input.blif 
ABC: Total number of equiv classes                =     167.
ABC: Participating nodes from both networks       =     363.
ABC: Participating nodes from the first network   =     172. (  68.25 % of nodes)
ABC: Participating nodes from the second network  =     191. (  75.79 % of nodes)
ABC: Node pairs (any polarity)                    =     172. (  68.25 % of names can be moved)
ABC: Node pairs (same polarity)                   =     132. (  52.38 % of names can be moved)
ABC: Total runtime =     0.02 sec
ABC: + write_blif <abc-temp-dir>/output.blif 

9.42.1.2. Re-integrating ABC results.
ABC RESULTS:              $lut cells:      251
ABC RESULTS:        internal signals:      432
ABC RESULTS:           input signals:      333
ABC RESULTS:          output signals:      118
Removing temp directory.
Removing global temp directory.
Removed 0 unused cells and 527 unused wires.

9.43. Executing TECHMAP pass (map to technology primitives).

9.43.1. Executing Verilog-2005 frontend: /usr/local/bin/../share/yosys/lattice/cells_map.v
Parsing Verilog input from `/usr/local/bin/../share/yosys/lattice/cells_map.v' to AST representation.
verilog frontend filename /usr/local/bin/../share/yosys/lattice/cells_map.v
Generating RTLIL representation for module `\$_DFF_N_'.
Generating RTLIL representation for module `\$_DFF_P_'.
Generating RTLIL representation for module `\$_DFFE_NN_'.
Generating RTLIL representation for module `\$_DFFE_PN_'.
Generating RTLIL representation for module `\$_DFFE_NP_'.
Generating RTLIL representation for module `\$_DFFE_PP_'.
Generating RTLIL representation for module `\$_DFF_NP0_'.
Generating RTLIL representation for module `\$_DFF_NP1_'.
Generating RTLIL representation for module `\$_DFF_PP0_'.
Generating RTLIL representation for module `\$_DFF_PP1_'.
Generating RTLIL representation for module `\$_SDFF_NP0_'.
Generating RTLIL representation for module `\$_SDFF_NP1_'.
Generating RTLIL representation for module `\$_SDFF_PP0_'.
Generating RTLIL representation for module `\$_SDFF_PP1_'.
Generating RTLIL representation for module `\$_DFFE_NP0P_'.
Generating RTLIL representation for module `\$_DFFE_NP1P_'.
Generating RTLIL representation for module `\$_DFFE_PP0P_'.
Generating RTLIL representation for module `\$_DFFE_PP1P_'.
Generating RTLIL representation for module `\$_DFFE_NP0N_'.
Generating RTLIL representation for module `\$_DFFE_NP1N_'.
Generating RTLIL representation for module `\$_DFFE_PP0N_'.
Generating RTLIL representation for module `\$_DFFE_PP1N_'.
Generating RTLIL representation for module `\$_SDFFE_NP0P_'.
Generating RTLIL representation for module `\$_SDFFE_NP1P_'.
Generating RTLIL representation for module `\$_SDFFE_PP0P_'.
Generating RTLIL representation for module `\$_SDFFE_PP1P_'.
Generating RTLIL representation for module `\$_SDFFE_NP0N_'.
Generating RTLIL representation for module `\$_SDFFE_NP1N_'.
Generating RTLIL representation for module `\$_SDFFE_PP0N_'.
Generating RTLIL representation for module `\$_SDFFE_PP1N_'.
Generating RTLIL representation for module `\$_ALDFF_NP_'.
Generating RTLIL representation for module `\$_ALDFF_PP_'.
Generating RTLIL representation for module `\$_ALDFFE_NPN_'.
Generating RTLIL representation for module `\$_ALDFFE_NPP_'.
Generating RTLIL representation for module `\$_ALDFFE_PPN_'.
Generating RTLIL representation for module `\$_ALDFFE_PPP_'.
Generating RTLIL representation for module `\FD1P3AX'.
Generating RTLIL representation for module `\FD1P3AY'.
Generating RTLIL representation for module `\FD1P3BX'.
Generating RTLIL representation for module `\FD1P3DX'.
Generating RTLIL representation for module `\FD1P3IX'.
Generating RTLIL representation for module `\FD1P3JX'.
Generating RTLIL representation for module `\FD1S3AX'.
Generating RTLIL representation for module `\FD1S3AY'.
Generating RTLIL representation for module `\FD1S3BX'.
Generating RTLIL representation for module `\FD1S3DX'.
Generating RTLIL representation for module `\FD1S3IX'.
Generating RTLIL representation for module `\FD1S3JX'.
Generating RTLIL representation for module `\IFS1P3BX'.
Generating RTLIL representation for module `\IFS1P3DX'.
Generating RTLIL representation for module `\IFS1P3IX'.
Generating RTLIL representation for module `\IFS1P3JX'.
Generating RTLIL representation for module `\OFS1P3BX'.
Generating RTLIL representation for module `\OFS1P3DX'.
Generating RTLIL representation for module `\OFS1P3IX'.
Generating RTLIL representation for module `\OFS1P3JX'.
Generating RTLIL representation for module `\IB'.
Generating RTLIL representation for module `\IBPU'.
Generating RTLIL representation for module `\IBPD'.
Generating RTLIL representation for module `\OB'.
Generating RTLIL representation for module `\OBZ'.
Generating RTLIL representation for module `\OBZPU'.
Generating RTLIL representation for module `\OBZPD'.
Generating RTLIL representation for module `\OBCO'.
Generating RTLIL representation for module `\BB'.
Generating RTLIL representation for module `\BBPU'.
Generating RTLIL representation for module `\BBPD'.
Generating RTLIL representation for module `\ILVDS'.
Generating RTLIL representation for module `\OLVDS'.
Generating RTLIL representation for module `\$lut'.
Successfully finished Verilog frontend.

9.43.2. Continuing TECHMAP pass.
Using template $paramod$052ca015f1400ebf950f85d5f181f7a5865c336c\$lut for cells of type $lut.
Using template $paramod$ebe302cf675f04f2cc698a4f6888fe67d7e9866d\$lut for cells of type $lut.
Using template $paramod\$lut\WIDTH=32'00000000000000000000000000000010\LUT=4'1000 for cells of type $lut.
Using template $paramod\$lut\WIDTH=32'00000000000000000000000000000011\LUT=8'11001010 for cells of type $lut.
Using template $paramod\$lut\WIDTH=32'00000000000000000000000000000010\LUT=4'1110 for cells of type $lut.
Using template $paramod\$lut\WIDTH=32'00000000000000000000000000000010\LUT=4'0100 for cells of type $lut.
Using template $paramod\$lut\WIDTH=32'00000000000000000000000000000011\LUT=8'00110101 for cells of type $lut.
Using template $paramod\$lut\WIDTH=32'00000000000000000000000000000011\LUT=8'11000101 for cells of type $lut.
Using template $paramod$571404c0889eaf57f492cb5e37f8acb5df5852f9\$lut for cells of type $lut.
Using template $paramod\$lut\WIDTH=32'00000000000000000000000000000010\LUT=4'1011 for cells of type $lut.
Using template $paramod$52fc87d5c6d1e2513af33858f44bdaf07e66cc19\$lut for cells of type $lut.
Using template $paramod$2d07c1a6c53c7b878509360922c4fa5ebedc3011\$lut for cells of type $lut.
Using template $paramod$df196ed0a1da5c4a58c5e08a1dac304fd3fccaab\$lut for cells of type $lut.
Using template $paramod\$lut\WIDTH=32'00000000000000000000000000000011\LUT=8'11110100 for cells of type $lut.
Using template $paramod$bdb7f9ed72fd4f5c7ad81c376f2d8a5c72a0098d\$lut for cells of type $lut.
Using template $paramod$ba05b8a1a425003df083aea0e69541f5cbdc68f2\$lut for cells of type $lut.
Using template $paramod\$lut\WIDTH=32'00000000000000000000000000000011\LUT=8'10010000 for cells of type $lut.
Using template $paramod\$lut\WIDTH=32'00000000000000000000000000000011\LUT=8'00010000 for cells of type $lut.
Using template $paramod$a15fd389a2f54cb7b94707b25934d226e68d9e2e\$lut for cells of type $lut.
Using template $paramod\$lut\WIDTH=32'00000000000000000000000000000011\LUT=8'01000000 for cells of type $lut.
Using template $paramod$6e238df02989b317f10820a22773676e71120644\$lut for cells of type $lut.
Using template $paramod$608f40069c27841a5b3bdf03643a34bdc8974072\$lut for cells of type $lut.
Using template $paramod$4cf5305612d86489c1a6171729557670bf08582e\$lut for cells of type $lut.
Using template $paramod$6d6beead1425af15cf78b27fd9b11b41b5d4bce8\$lut for cells of type $lut.
Using template $paramod$6f8c8cdc4b3e951baba96b2acd13eabbb5e850fe\$lut for cells of type $lut.
Using template $paramod$1f7a849ccc24f2ac250381efb96d0abb38a28f29\$lut for cells of type $lut.
Using template $paramod$acf49cb7bd2805dee4b4ebb218aa5924b1be7704\$lut for cells of type $lut.
Using template $paramod$6b0849254d6c87461fb93e37cc18f089f61eb912\$lut for cells of type $lut.
Using template $paramod$10cbe2c80384dc691259558410c90387381d311f\$lut for cells of type $lut.
Using template $paramod\$lut\WIDTH=32'00000000000000000000000000000011\LUT=8'10000111 for cells of type $lut.
Using template $paramod$c24ed72ebb67e9ead6029e42e909ef7fc0abbb11\$lut for cells of type $lut.
Using template $paramod$97e449d15b607612c49291044eca4e2c8b59088e\$lut for cells of type $lut.
Using template $paramod\$lut\WIDTH=32'00000000000000000000000000000010\LUT=4'0001 for cells of type $lut.
Using template $paramod$332a399730bfc61adea04021a76b1c4e4030f37d\$lut for cells of type $lut.
Using template $paramod$62b9cc19760df4f05d0c7360b790a1fb852ac400\$lut for cells of type $lut.
Using template $paramod\$lut\WIDTH=32'00000000000000000000000000000011\LUT=8'10000000 for cells of type $lut.
Using template $paramod$53ce561f80f32d4298a3beadc88b6c5c78293221\$lut for cells of type $lut.
Using template $paramod$179512a187da069f3b79ef6612a41e494e7d54b6\$lut for cells of type $lut.
Using template $paramod$6e46ec5a196ba1a24b8e69ab094cadc07c13ac1f\$lut for cells of type $lut.
Using template $paramod$658b9ed803f0d3d335616d3858b53e0a2522f1e8\$lut for cells of type $lut.
Using template $paramod\$lut\WIDTH=32'00000000000000000000000000000011\LUT=8'00000001 for cells of type $lut.
Using template $paramod\$lut\WIDTH=32'00000000000000000000000000000011\LUT=8'11100001 for cells of type $lut.
Using template $paramod\$lut\WIDTH=32'00000000000000000000000000000011\LUT=8'11111000 for cells of type $lut.
Using template $paramod\$lut\WIDTH=32'00000000000000000000000000000011\LUT=8'01010011 for cells of type $lut.
Using template $paramod\$lut\WIDTH=32'00000000000000000000000000000001\LUT=2'01 for cells of type $lut.
Using template $paramod$43779580bfffd5d5a9f321249a174febf1dac288\$lut for cells of type $lut.
Using template $paramod$b4f85a6321a00b090afc4e21d68e7b99eb94d149\$lut for cells of type $lut.
Using template $paramod$bf60f6ec407ee294958b6566514fc3125ec42258\$lut for cells of type $lut.
Using template $paramod\$lut\WIDTH=32'00000000000000000000000000000011\LUT=8'01000001 for cells of type $lut.
Using template $paramod$ab8bb87959c5d7cfa27886cee1355b38e054a61a\$lut for cells of type $lut.
No more expansions possible.
<suppressed ~970 debug messages>

9.44. Executing OPT_LUT_INS pass (discard unused LUT inputs).
Optimizing LUTs in top.
Removed 0 unused cells and 573 unused wires.

9.45. Executing AUTONAME pass.
Renamed 876 objects in module top (130 iterations).
<suppressed ~876 debug messages>

9.46. Executing HIERARCHY pass (managing design hierarchy).
Attribute `top' found on module `top'. Setting top module to top.

9.46.1. Analyzing design hierarchy..
Top module:  \top

9.46.2. Analyzing design hierarchy..
Top module:  \top
Removed 0 unused modules.

9.47. Printing statistics.

=== top ===

        +----------Local Count, excluding submodules.
        | 
      355 wires
     1868 wire bits
      355 public wires
     1868 public wire bits
       13 ports
       50 port bits
       25 cells
        8   $_TBUF_
        8   $scopeinfo
        9   DP8KC
      646 submodules
       47   CCU2D
      248   LUT4
        6   TRELLIS_DPR16X4
      345   TRELLIS_FF

=== design hierarchy ===

        +----------Count including submodules.
        | 
       25 top

        +----------Count including submodules.
        | 
      355 wires
     1868 wire bits
      355 public wires
     1868 public wire bits
       13 ports
       50 port bits
        - memories
        - memory bits
        - processes
       25 cells
        8   $_TBUF_
        8   $scopeinfo
        9   DP8KC
      646 submodules
       47   CCU2D
      248   LUT4
        6   TRELLIS_DPR16X4
      345   TRELLIS_FF

9.48. Executing CHECK pass (checking for obvious problems).
Checking module top...
Found and reported 0 problems.

9.49. Executing JSON backend.

Warnings: 2 unique messages, 3 total
End of script. Logfile hash: 09a2a4c0e2, CPU: user 0.47s system 0.03s, MEM: 44.70 MB peak
Yosys 0.58 (git sha1 157aabb58, g++ 14.2.1 -fPIC -O3)
Time spent: 31% 1x abc (0 sec), 15% 6x techmap (0 sec), ...
